rgn_id,sciname,iucn_sid,year,category
1,Alopias vulpinus,39339,2016,VU
1,Balaenoptera musculus,2477,2016,EN
1,Carcharhinus melanopterus,39375,2016,NT
1,Carcharodon carcharias,3855,2016,VU
1,Caretta caretta,3897,2016,VU
1,Caretta caretta,84199475,2016,NT
1,Cheilinus undulatus,4592,2016,EN
1,Chelonia mydas,4615,2016,EN
1,Dermochelys coriacea,6494,2016,VU
1,Dermochelys coriacea,46967863,2016,CR
1,Eretmochelys imbricata,8005,2016,CR
1,Galeocerdo cuvier,39378,2016,NT
1,Isurus oxyrinchus,39341,2016,VU
1,Lepidochelys olivacea,11534,2016,VU
1,Megaptera novaeangliae,13006,2016,LC
1,Prionace glauca,39381,2016,NT
1,Rhincodon typus,19488,2016,EN
1,Steno bredanensis,20738,2016,LC
1,Triaenodon obesus,39384,2016,NT
1,Alopias vulpinus,39339,2015,VU
1,Balaenoptera musculus,2477,2015,EN
1,Carcharhinus melanopterus,39375,2015,NT
1,Carcharodon carcharias,3855,2015,VU
1,Caretta caretta,3897,2015,VU
1,Caretta caretta,84199475,2015,NT
1,Cheilinus undulatus,4592,2015,EN
1,Chelonia mydas,4615,2015,EN
1,Dermochelys coriacea,6494,2015,VU
1,Dermochelys coriacea,46967863,2015,CR
1,Eretmochelys imbricata,8005,2015,CR
1,Galeocerdo cuvier,39378,2015,NT
1,Isurus oxyrinchus,39341,2015,VU
1,Lepidochelys olivacea,11534,2015,VU
1,Megaptera novaeangliae,13006,2015,LC
1,Prionace glauca,39381,2015,NT
1,Rhincodon typus,19488,2015,VU
1,Steno bredanensis,20738,2015,LC
1,Triaenodon obesus,39384,2015,NT
1,Alopias vulpinus,39339,2014,VU
1,Balaenoptera musculus,2477,2014,EN
1,Carcharhinus melanopterus,39375,2014,NT
1,Carcharodon carcharias,3855,2014,VU
1,Caretta caretta,3897,2014,EN
1,Caretta caretta,84199475,2014,NT
1,Cheilinus undulatus,4592,2014,EN
1,Chelonia mydas,4615,2014,EN
1,Dermochelys coriacea,6494,2014,VU
1,Dermochelys coriacea,46967863,2014,CR
1,Eretmochelys imbricata,8005,2014,CR
1,Galeocerdo cuvier,39378,2014,NT
1,Isurus oxyrinchus,39341,2014,VU
1,Lepidochelys olivacea,11534,2014,VU
1,Megaptera novaeangliae,13006,2014,LC
1,Prionace glauca,39381,2014,NT
1,Rhincodon typus,19488,2014,VU
1,Steno bredanensis,20738,2014,LC
1,Triaenodon obesus,39384,2014,NT
1,Alopias vulpinus,39339,2013,VU
1,Balaenoptera musculus,2477,2013,EN
1,Carcharhinus melanopterus,39375,2013,NT
1,Carcharodon carcharias,3855,2013,VU
1,Caretta caretta,3897,2013,EN
1,Caretta caretta,84199475,2013,NT
1,Cheilinus undulatus,4592,2013,EN
1,Chelonia mydas,4615,2013,EN
1,Dermochelys coriacea,6494,2013,VU
1,Dermochelys coriacea,46967863,2013,CR
1,Eretmochelys imbricata,8005,2013,CR
1,Galeocerdo cuvier,39378,2013,NT
1,Isurus oxyrinchus,39341,2013,VU
1,Lepidochelys olivacea,11534,2013,VU
1,Megaptera novaeangliae,13006,2013,LC
1,Prionace glauca,39381,2013,NT
1,Rhincodon typus,19488,2013,VU
1,Steno bredanensis,20738,2013,LC
1,Triaenodon obesus,39384,2013,NT
1,Alopias vulpinus,39339,2012,VU
1,Balaenoptera musculus,2477,2012,EN
1,Carcharhinus melanopterus,39375,2012,NT
1,Carcharodon carcharias,3855,2012,VU
1,Caretta caretta,3897,2012,EN
1,Caretta caretta,84199475,2012,NT
1,Cheilinus undulatus,4592,2012,EN
1,Chelonia mydas,4615,2012,EN
1,Dermochelys coriacea,6494,2012,CR
1,Dermochelys coriacea,46967863,2012,CR
1,Eretmochelys imbricata,8005,2012,CR
1,Galeocerdo cuvier,39378,2012,NT
1,Isurus oxyrinchus,39341,2012,VU
1,Lepidochelys olivacea,11534,2012,VU
1,Megaptera novaeangliae,13006,2012,LC
1,Prionace glauca,39381,2012,NT
1,Rhincodon typus,19488,2012,VU
1,Steno bredanensis,20738,2012,LC
1,Triaenodon obesus,39384,2012,NT
1,Alopias vulpinus,39339,2011,VU
1,Balaenoptera musculus,2477,2011,EN
1,Carcharhinus melanopterus,39375,2011,NT
1,Carcharodon carcharias,3855,2011,VU
1,Caretta caretta,3897,2011,EN
1,Caretta caretta,84199475,2011,NT
1,Cheilinus undulatus,4592,2011,EN
1,Chelonia mydas,4615,2011,EN
1,Dermochelys coriacea,6494,2011,CR
1,Dermochelys coriacea,46967863,2011,CR
1,Eretmochelys imbricata,8005,2011,CR
1,Galeocerdo cuvier,39378,2011,NT
1,Isurus oxyrinchus,39341,2011,VU
1,Lepidochelys olivacea,11534,2011,VU
1,Megaptera novaeangliae,13006,2011,LC
1,Prionace glauca,39381,2011,NT
1,Rhincodon typus,19488,2011,VU
1,Steno bredanensis,20738,2011,LC
1,Triaenodon obesus,39384,2011,NT
1,Alopias vulpinus,39339,2010,VU
1,Balaenoptera musculus,2477,2010,EN
1,Carcharhinus melanopterus,39375,2010,NT
1,Carcharodon carcharias,3855,2010,VU
1,Caretta caretta,3897,2010,EN
1,Caretta caretta,84199475,2010,NT
1,Cheilinus undulatus,4592,2010,EN
1,Chelonia mydas,4615,2010,EN
1,Dermochelys coriacea,6494,2010,CR
1,Dermochelys coriacea,46967863,2010,CR
1,Eretmochelys imbricata,8005,2010,CR
1,Galeocerdo cuvier,39378,2010,NT
1,Isurus oxyrinchus,39341,2010,VU
1,Lepidochelys olivacea,11534,2010,VU
1,Megaptera novaeangliae,13006,2010,LC
1,Prionace glauca,39381,2010,NT
1,Rhincodon typus,19488,2010,VU
1,Steno bredanensis,20738,2010,LC
1,Triaenodon obesus,39384,2010,NT
1,Alopias vulpinus,39339,2009,VU
1,Balaenoptera musculus,2477,2009,EN
1,Carcharhinus melanopterus,39375,2009,NT
1,Carcharodon carcharias,3855,2009,VU
1,Caretta caretta,3897,2009,EN
1,Caretta caretta,84199475,2009,NT
1,Cheilinus undulatus,4592,2009,EN
1,Chelonia mydas,4615,2009,EN
1,Dermochelys coriacea,6494,2009,CR
1,Dermochelys coriacea,46967863,2009,CR
1,Eretmochelys imbricata,8005,2009,CR
1,Galeocerdo cuvier,39378,2009,NT
1,Isurus oxyrinchus,39341,2009,VU
1,Lepidochelys olivacea,11534,2009,VU
1,Megaptera novaeangliae,13006,2009,LC
1,Prionace glauca,39381,2009,NT
1,Rhincodon typus,19488,2009,VU
1,Steno bredanensis,20738,2009,LC
1,Triaenodon obesus,39384,2009,NT
1,Alopias vulpinus,39339,2008,VU
1,Balaenoptera musculus,2477,2008,EN
1,Carcharhinus melanopterus,39375,2008,NT
1,Carcharodon carcharias,3855,2008,VU
1,Caretta caretta,3897,2008,EN
1,Caretta caretta,84199475,2008,NT
1,Cheilinus undulatus,4592,2008,EN
1,Chelonia mydas,4615,2008,EN
1,Dermochelys coriacea,6494,2008,CR
1,Dermochelys coriacea,46967863,2008,CR
1,Eretmochelys imbricata,8005,2008,CR
1,Galeocerdo cuvier,39378,2008,NT
1,Isurus oxyrinchus,39341,2008,NT
1,Lepidochelys olivacea,11534,2008,VU
1,Megaptera novaeangliae,13006,2008,LC
1,Prionace glauca,39381,2008,NT
1,Rhincodon typus,19488,2008,VU
1,Steno bredanensis,20738,2008,LC
1,Triaenodon obesus,39384,2008,NT
1,Alopias vulpinus,39339,2007,VU
1,Balaenoptera musculus,2477,2007,EN
1,Carcharhinus melanopterus,39375,2007,NT
1,Carcharodon carcharias,3855,2007,VU
1,Caretta caretta,3897,2007,EN
1,Caretta caretta,84199475,2007,NT
1,Cheilinus undulatus,4592,2007,EN
1,Chelonia mydas,4615,2007,EN
1,Dermochelys coriacea,6494,2007,CR
1,Dermochelys coriacea,46967863,2007,CR
1,Eretmochelys imbricata,8005,2007,CR
1,Galeocerdo cuvier,39378,2007,NT
1,Isurus oxyrinchus,39341,2007,NT
1,Lepidochelys olivacea,11534,2007,EN
1,Megaptera novaeangliae,13006,2007,VU
1,Prionace glauca,39381,2007,NT
1,Rhincodon typus,19488,2007,VU
1,Steno bredanensis,20738,2007,LC
1,Triaenodon obesus,39384,2007,NT
1,Alopias vulpinus,39339,2006,VU
1,Balaenoptera musculus,2477,2006,EN
1,Carcharhinus melanopterus,39375,2006,NT
1,Carcharodon carcharias,3855,2006,VU
1,Caretta caretta,3897,2006,EN
1,Caretta caretta,84199475,2006,NT
1,Cheilinus undulatus,4592,2006,EN
1,Chelonia mydas,4615,2006,EN
1,Dermochelys coriacea,6494,2006,CR
1,Dermochelys coriacea,46967863,2006,CR
1,Eretmochelys imbricata,8005,2006,CR
1,Galeocerdo cuvier,39378,2006,NT
1,Isurus oxyrinchus,39341,2006,NT
1,Lepidochelys olivacea,11534,2006,EN
1,Megaptera novaeangliae,13006,2006,VU
1,Prionace glauca,39381,2006,NT
1,Rhincodon typus,19488,2006,VU
1,Steno bredanensis,20738,2006,LC
1,Triaenodon obesus,39384,2006,NT
1,Alopias vulpinus,39339,2005,VU
1,Balaenoptera musculus,2477,2005,EN
1,Carcharhinus melanopterus,39375,2005,NT
1,Carcharodon carcharias,3855,2005,VU
1,Caretta caretta,3897,2005,EN
1,Caretta caretta,84199475,2005,NT
1,Cheilinus undulatus,4592,2005,EN
1,Chelonia mydas,4615,2005,EN
1,Dermochelys coriacea,6494,2005,CR
1,Dermochelys coriacea,46967863,2005,CR
1,Eretmochelys imbricata,8005,2005,CR
1,Galeocerdo cuvier,39378,2005,NT
1,Isurus oxyrinchus,39341,2005,NT
1,Lepidochelys olivacea,11534,2005,EN
1,Megaptera novaeangliae,13006,2005,VU
1,Prionace glauca,39381,2005,NT
1,Rhincodon typus,19488,2005,VU
1,Steno bredanensis,20738,2005,LC
1,Triaenodon obesus,39384,2005,NT
1,Alopias vulpinus,39339,2004,VU
1,Balaenoptera musculus,2477,2004,EN
1,Carcharhinus melanopterus,39375,2004,NT
1,Carcharodon carcharias,3855,2004,VU
1,Caretta caretta,3897,2004,EN
1,Caretta caretta,84199475,2004,NT
1,Cheilinus undulatus,4592,2004,EN
1,Chelonia mydas,4615,2004,EN
1,Dermochelys coriacea,6494,2004,CR
1,Dermochelys coriacea,46967863,2004,CR
1,Eretmochelys imbricata,8005,2004,CR
1,Galeocerdo cuvier,39378,2004,NT
1,Isurus oxyrinchus,39341,2004,NT
1,Lepidochelys olivacea,11534,2004,EN
1,Megaptera novaeangliae,13006,2004,VU
1,Prionace glauca,39381,2004,NT
1,Rhincodon typus,19488,2004,VU
1,Steno bredanensis,20738,2004,LC
1,Triaenodon obesus,39384,2004,NT
1,Alopias vulpinus,39339,2003,VU
1,Balaenoptera musculus,2477,2003,EN
1,Carcharhinus melanopterus,39375,2003,NT
1,Carcharodon carcharias,3855,2003,VU
1,Caretta caretta,3897,2003,EN
1,Caretta caretta,84199475,2003,NT
1,Cheilinus undulatus,4592,2003,VU
1,Chelonia mydas,4615,2003,EN
1,Dermochelys coriacea,6494,2003,CR
1,Dermochelys coriacea,46967863,2003,CR
1,Eretmochelys imbricata,8005,2003,CR
1,Galeocerdo cuvier,39378,2003,NT
1,Isurus oxyrinchus,39341,2003,NT
1,Lepidochelys olivacea,11534,2003,EN
1,Megaptera novaeangliae,13006,2003,VU
1,Prionace glauca,39381,2003,NT
1,Rhincodon typus,19488,2003,VU
1,Steno bredanensis,20738,2003,LC
1,Triaenodon obesus,39384,2003,NT
1,Alopias vulpinus,39339,2002,VU
1,Balaenoptera musculus,2477,2002,EN
1,Carcharhinus melanopterus,39375,2002,NT
1,Carcharodon carcharias,3855,2002,VU
1,Caretta caretta,3897,2002,EN
1,Caretta caretta,84199475,2002,NT
1,Cheilinus undulatus,4592,2002,VU
1,Chelonia mydas,4615,2002,EN
1,Dermochelys coriacea,6494,2002,CR
1,Dermochelys coriacea,46967863,2002,CR
1,Eretmochelys imbricata,8005,2002,CR
1,Galeocerdo cuvier,39378,2002,NT
1,Isurus oxyrinchus,39341,2002,NT
1,Lepidochelys olivacea,11534,2002,EN
1,Megaptera novaeangliae,13006,2002,VU
1,Prionace glauca,39381,2002,NT
1,Rhincodon typus,19488,2002,VU
1,Steno bredanensis,20738,2002,LC
1,Triaenodon obesus,39384,2002,NT
1,Alopias vulpinus,39339,2001,VU
1,Balaenoptera musculus,2477,2001,EN
1,Carcharhinus melanopterus,39375,2001,NT
1,Carcharodon carcharias,3855,2001,VU
1,Caretta caretta,3897,2001,EN
1,Caretta caretta,84199475,2001,NT
1,Cheilinus undulatus,4592,2001,VU
1,Chelonia mydas,4615,2001,EN
1,Dermochelys coriacea,6494,2001,CR
1,Dermochelys coriacea,46967863,2001,CR
1,Eretmochelys imbricata,8005,2001,CR
1,Galeocerdo cuvier,39378,2001,NT
1,Isurus oxyrinchus,39341,2001,NT
1,Lepidochelys olivacea,11534,2001,EN
1,Megaptera novaeangliae,13006,2001,VU
1,Prionace glauca,39381,2001,NT
1,Rhincodon typus,19488,2001,VU
1,Steno bredanensis,20738,2001,LC
1,Triaenodon obesus,39384,2001,NT
1,Alopias vulpinus,39339,2e3,VU
1,Balaenoptera musculus,2477,2e3,EN
1,Carcharhinus melanopterus,39375,2e3,NT
1,Carcharodon carcharias,3855,2e3,VU
1,Caretta caretta,3897,2e3,EN
1,Caretta caretta,84199475,2e3,NT
1,Cheilinus undulatus,4592,2e3,VU
1,Chelonia mydas,4615,2e3,EN
1,Dermochelys coriacea,6494,2e3,CR
1,Dermochelys coriacea,46967863,2e3,CR
1,Eretmochelys imbricata,8005,2e3,CR
1,Galeocerdo cuvier,39378,2e3,NT
1,Isurus oxyrinchus,39341,2e3,NT
1,Lepidochelys olivacea,11534,2e3,EN
1,Megaptera novaeangliae,13006,2e3,VU
1,Prionace glauca,39381,2e3,NT
1,Rhincodon typus,19488,2e3,VU
1,Steno bredanensis,20738,2e3,LC
1,Triaenodon obesus,39384,2e3,NT
2,Alopias vulpinus,39339,2016,VU
2,Balaenoptera musculus,2477,2016,EN
2,Carcharhinus melanopterus,39375,2016,NT
2,Carcharodon carcharias,3855,2016,VU
2,Caretta caretta,3897,2016,VU
2,Caretta caretta,84199475,2016,NT
2,Cheilinus undulatus,4592,2016,EN
2,Chelonia mydas,4615,2016,EN
2,Dermochelys coriacea,6494,2016,VU
2,Dermochelys coriacea,46967863,2016,CR
2,Eretmochelys imbricata,8005,2016,CR
2,Galeocerdo cuvier,39378,2016,NT
2,Isurus oxyrinchus,39341,2016,VU
2,Lepidochelys olivacea,11534,2016,VU
2,Megaptera novaeangliae,13006,2016,LC
2,Prionace glauca,39381,2016,NT
2,Rhincodon typus,19488,2016,EN
2,Steno bredanensis,20738,2016,LC
2,Triaenodon obesus,39384,2016,NT
2,Alopias vulpinus,39339,2015,VU
2,Balaenoptera musculus,2477,2015,EN
2,Carcharhinus melanopterus,39375,2015,NT
2,Carcharodon carcharias,3855,2015,VU
2,Caretta caretta,3897,2015,VU
2,Caretta caretta,84199475,2015,NT
2,Cheilinus undulatus,4592,2015,EN
2,Chelonia mydas,4615,2015,EN
2,Dermochelys coriacea,6494,2015,VU
2,Dermochelys coriacea,46967863,2015,CR
2,Eretmochelys imbricata,8005,2015,CR
2,Galeocerdo cuvier,39378,2015,NT
2,Isurus oxyrinchus,39341,2015,VU
2,Lepidochelys olivacea,11534,2015,VU
2,Megaptera novaeangliae,13006,2015,LC
2,Prionace glauca,39381,2015,NT
2,Rhincodon typus,19488,2015,VU
2,Steno bredanensis,20738,2015,LC
2,Triaenodon obesus,39384,2015,NT
2,Alopias vulpinus,39339,2014,VU
2,Balaenoptera musculus,2477,2014,EN
2,Carcharhinus melanopterus,39375,2014,NT
2,Carcharodon carcharias,3855,2014,VU
2,Caretta caretta,3897,2014,EN
2,Caretta caretta,84199475,2014,NT
2,Cheilinus undulatus,4592,2014,EN
2,Chelonia mydas,4615,2014,EN
2,Dermochelys coriacea,6494,2014,VU
2,Dermochelys coriacea,46967863,2014,CR
2,Eretmochelys imbricata,8005,2014,CR
2,Galeocerdo cuvier,39378,2014,NT
2,Isurus oxyrinchus,39341,2014,VU
2,Lepidochelys olivacea,11534,2014,VU
2,Megaptera novaeangliae,13006,2014,LC
2,Prionace glauca,39381,2014,NT
2,Rhincodon typus,19488,2014,VU
2,Steno bredanensis,20738,2014,LC
2,Triaenodon obesus,39384,2014,NT
2,Alopias vulpinus,39339,2013,VU
2,Balaenoptera musculus,2477,2013,EN
2,Carcharhinus melanopterus,39375,2013,NT
2,Carcharodon carcharias,3855,2013,VU
2,Caretta caretta,3897,2013,EN
2,Caretta caretta,84199475,2013,NT
2,Cheilinus undulatus,4592,2013,EN
2,Chelonia mydas,4615,2013,EN
2,Dermochelys coriacea,6494,2013,VU
2,Dermochelys coriacea,46967863,2013,CR
2,Eretmochelys imbricata,8005,2013,CR
2,Galeocerdo cuvier,39378,2013,NT
2,Isurus oxyrinchus,39341,2013,VU
2,Lepidochelys olivacea,11534,2013,VU
2,Megaptera novaeangliae,13006,2013,LC
2,Prionace glauca,39381,2013,NT
2,Rhincodon typus,19488,2013,VU
2,Steno bredanensis,20738,2013,LC
2,Triaenodon obesus,39384,2013,NT
2,Alopias vulpinus,39339,2012,VU
2,Balaenoptera musculus,2477,2012,EN
2,Carcharhinus melanopterus,39375,2012,NT
2,Carcharodon carcharias,3855,2012,VU
2,Caretta caretta,3897,2012,EN
2,Caretta caretta,84199475,2012,NT
2,Cheilinus undulatus,4592,2012,EN
2,Chelonia mydas,4615,2012,EN
2,Dermochelys coriacea,6494,2012,CR
2,Dermochelys coriacea,46967863,2012,CR
2,Eretmochelys imbricata,8005,2012,CR
2,Galeocerdo cuvier,39378,2012,NT
2,Isurus oxyrinchus,39341,2012,VU
2,Lepidochelys olivacea,11534,2012,VU
2,Megaptera novaeangliae,13006,2012,LC
2,Prionace glauca,39381,2012,NT
2,Rhincodon typus,19488,2012,VU
2,Steno bredanensis,20738,2012,LC
2,Triaenodon obesus,39384,2012,NT
2,Alopias vulpinus,39339,2011,VU
2,Balaenoptera musculus,2477,2011,EN
2,Carcharhinus melanopterus,39375,2011,NT
2,Carcharodon carcharias,3855,2011,VU
2,Caretta caretta,3897,2011,EN
2,Caretta caretta,84199475,2011,NT
2,Cheilinus undulatus,4592,2011,EN
2,Chelonia mydas,4615,2011,EN
2,Dermochelys coriacea,6494,2011,CR
2,Dermochelys coriacea,46967863,2011,CR
2,Eretmochelys imbricata,8005,2011,CR
2,Galeocerdo cuvier,39378,2011,NT
2,Isurus oxyrinchus,39341,2011,VU
2,Lepidochelys olivacea,11534,2011,VU
2,Megaptera novaeangliae,13006,2011,LC
2,Prionace glauca,39381,2011,NT
2,Rhincodon typus,19488,2011,VU
2,Steno bredanensis,20738,2011,LC
2,Triaenodon obesus,39384,2011,NT
2,Alopias vulpinus,39339,2010,VU
2,Balaenoptera musculus,2477,2010,EN
2,Carcharhinus melanopterus,39375,2010,NT
2,Carcharodon carcharias,3855,2010,VU
2,Caretta caretta,3897,2010,EN
2,Caretta caretta,84199475,2010,NT
2,Cheilinus undulatus,4592,2010,EN
2,Chelonia mydas,4615,2010,EN
2,Dermochelys coriacea,6494,2010,CR
2,Dermochelys coriacea,46967863,2010,CR
2,Eretmochelys imbricata,8005,2010,CR
2,Galeocerdo cuvier,39378,2010,NT
2,Isurus oxyrinchus,39341,2010,VU
2,Lepidochelys olivacea,11534,2010,VU
2,Megaptera novaeangliae,13006,2010,LC
2,Prionace glauca,39381,2010,NT
2,Rhincodon typus,19488,2010,VU
2,Steno bredanensis,20738,2010,LC
2,Triaenodon obesus,39384,2010,NT
2,Alopias vulpinus,39339,2009,VU
2,Balaenoptera musculus,2477,2009,EN
2,Carcharhinus melanopterus,39375,2009,NT
2,Carcharodon carcharias,3855,2009,VU
2,Caretta caretta,3897,2009,EN
2,Caretta caretta,84199475,2009,NT
2,Cheilinus undulatus,4592,2009,EN
2,Chelonia mydas,4615,2009,EN
2,Dermochelys coriacea,6494,2009,CR
2,Dermochelys coriacea,46967863,2009,CR
2,Eretmochelys imbricata,8005,2009,CR
2,Galeocerdo cuvier,39378,2009,NT
2,Isurus oxyrinchus,39341,2009,VU
2,Lepidochelys olivacea,11534,2009,VU
2,Megaptera novaeangliae,13006,2009,LC
2,Prionace glauca,39381,2009,NT
2,Rhincodon typus,19488,2009,VU
2,Steno bredanensis,20738,2009,LC
2,Triaenodon obesus,39384,2009,NT
2,Alopias vulpinus,39339,2008,VU
2,Balaenoptera musculus,2477,2008,EN
2,Carcharhinus melanopterus,39375,2008,NT
2,Carcharodon carcharias,3855,2008,VU
2,Caretta caretta,3897,2008,EN
2,Caretta caretta,84199475,2008,NT
2,Cheilinus undulatus,4592,2008,EN
2,Chelonia mydas,4615,2008,EN
2,Dermochelys coriacea,6494,2008,CR
2,Dermochelys coriacea,46967863,2008,CR
2,Eretmochelys imbricata,8005,2008,CR
2,Galeocerdo cuvier,39378,2008,NT
2,Isurus oxyrinchus,39341,2008,NT
2,Lepidochelys olivacea,11534,2008,VU
2,Megaptera novaeangliae,13006,2008,LC
2,Prionace glauca,39381,2008,NT
2,Rhincodon typus,19488,2008,VU
2,Steno bredanensis,20738,2008,LC
2,Triaenodon obesus,39384,2008,NT
2,Alopias vulpinus,39339,2007,VU
2,Balaenoptera musculus,2477,2007,EN
2,Carcharhinus melanopterus,39375,2007,NT
2,Carcharodon carcharias,3855,2007,VU
2,Caretta caretta,3897,2007,EN
2,Caretta caretta,84199475,2007,NT
2,Cheilinus undulatus,4592,2007,EN
2,Chelonia mydas,4615,2007,EN
2,Dermochelys coriacea,6494,2007,CR
2,Dermochelys coriacea,46967863,2007,CR
2,Eretmochelys imbricata,8005,2007,CR
2,Galeocerdo cuvier,39378,2007,NT
2,Isurus oxyrinchus,39341,2007,NT
2,Lepidochelys olivacea,11534,2007,EN
2,Megaptera novaeangliae,13006,2007,VU
2,Prionace glauca,39381,2007,NT
2,Rhincodon typus,19488,2007,VU
2,Steno bredanensis,20738,2007,LC
2,Triaenodon obesus,39384,2007,NT
2,Alopias vulpinus,39339,2006,VU
2,Balaenoptera musculus,2477,2006,EN
2,Carcharhinus melanopterus,39375,2006,NT
2,Carcharodon carcharias,3855,2006,VU
2,Caretta caretta,3897,2006,EN
2,Caretta caretta,84199475,2006,NT
2,Cheilinus undulatus,4592,2006,EN
2,Chelonia mydas,4615,2006,EN
2,Dermochelys coriacea,6494,2006,CR
2,Dermochelys coriacea,46967863,2006,CR
2,Eretmochelys imbricata,8005,2006,CR
2,Galeocerdo cuvier,39378,2006,NT
2,Isurus oxyrinchus,39341,2006,NT
2,Lepidochelys olivacea,11534,2006,EN
2,Megaptera novaeangliae,13006,2006,VU
2,Prionace glauca,39381,2006,NT
2,Rhincodon typus,19488,2006,VU
2,Steno bredanensis,20738,2006,LC
2,Triaenodon obesus,39384,2006,NT
2,Alopias vulpinus,39339,2005,VU
2,Balaenoptera musculus,2477,2005,EN
2,Carcharhinus melanopterus,39375,2005,NT
2,Carcharodon carcharias,3855,2005,VU
2,Caretta caretta,3897,2005,EN
2,Caretta caretta,84199475,2005,NT
2,Cheilinus undulatus,4592,2005,EN
2,Chelonia mydas,4615,2005,EN
2,Dermochelys coriacea,6494,2005,CR
2,Dermochelys coriacea,46967863,2005,CR
2,Eretmochelys imbricata,8005,2005,CR
2,Galeocerdo cuvier,39378,2005,NT
2,Isurus oxyrinchus,39341,2005,NT
2,Lepidochelys olivacea,11534,2005,EN
2,Megaptera novaeangliae,13006,2005,VU
2,Prionace glauca,39381,2005,NT
2,Rhincodon typus,19488,2005,VU
2,Steno bredanensis,20738,2005,LC
2,Triaenodon obesus,39384,2005,NT
2,Alopias vulpinus,39339,2004,VU
2,Balaenoptera musculus,2477,2004,EN
2,Carcharhinus melanopterus,39375,2004,NT
2,Carcharodon carcharias,3855,2004,VU
2,Caretta caretta,3897,2004,EN
2,Caretta caretta,84199475,2004,NT
2,Cheilinus undulatus,4592,2004,EN
2,Chelonia mydas,4615,2004,EN
2,Dermochelys coriacea,6494,2004,CR
2,Dermochelys coriacea,46967863,2004,CR
2,Eretmochelys imbricata,8005,2004,CR
2,Galeocerdo cuvier,39378,2004,NT
2,Isurus oxyrinchus,39341,2004,NT
2,Lepidochelys olivacea,11534,2004,EN
2,Megaptera novaeangliae,13006,2004,VU
2,Prionace glauca,39381,2004,NT
2,Rhincodon typus,19488,2004,VU
2,Steno bredanensis,20738,2004,LC
2,Triaenodon obesus,39384,2004,NT
2,Alopias vulpinus,39339,2003,VU
2,Balaenoptera musculus,2477,2003,EN
2,Carcharhinus melanopterus,39375,2003,NT
2,Carcharodon carcharias,3855,2003,VU
2,Caretta caretta,3897,2003,EN
2,Caretta caretta,84199475,2003,NT
2,Cheilinus undulatus,4592,2003,VU
2,Chelonia mydas,4615,2003,EN
2,Dermochelys coriacea,6494,2003,CR
2,Dermochelys coriacea,46967863,2003,CR
2,Eretmochelys imbricata,8005,2003,CR
2,Galeocerdo cuvier,39378,2003,NT
2,Isurus oxyrinchus,39341,2003,NT
2,Lepidochelys olivacea,11534,2003,EN
2,Megaptera novaeangliae,13006,2003,VU
2,Prionace glauca,39381,2003,NT
2,Rhincodon typus,19488,2003,VU
2,Steno bredanensis,20738,2003,LC
2,Triaenodon obesus,39384,2003,NT
2,Alopias vulpinus,39339,2002,VU
2,Balaenoptera musculus,2477,2002,EN
2,Carcharhinus melanopterus,39375,2002,NT
2,Carcharodon carcharias,3855,2002,VU
2,Caretta caretta,3897,2002,EN
2,Caretta caretta,84199475,2002,NT
2,Cheilinus undulatus,4592,2002,VU
2,Chelonia mydas,4615,2002,EN
2,Dermochelys coriacea,6494,2002,CR
2,Dermochelys coriacea,46967863,2002,CR
2,Eretmochelys imbricata,8005,2002,CR
2,Galeocerdo cuvier,39378,2002,NT
2,Isurus oxyrinchus,39341,2002,NT
2,Lepidochelys olivacea,11534,2002,EN
2,Megaptera novaeangliae,13006,2002,VU
2,Prionace glauca,39381,2002,NT
2,Rhincodon typus,19488,2002,VU
2,Steno bredanensis,20738,2002,LC
2,Triaenodon obesus,39384,2002,NT
2,Alopias vulpinus,39339,2001,VU
2,Balaenoptera musculus,2477,2001,EN
2,Carcharhinus melanopterus,39375,2001,NT
2,Carcharodon carcharias,3855,2001,VU
2,Caretta caretta,3897,2001,EN
2,Caretta caretta,84199475,2001,NT
2,Cheilinus undulatus,4592,2001,VU
2,Chelonia mydas,4615,2001,EN
2,Dermochelys coriacea,6494,2001,CR
2,Dermochelys coriacea,46967863,2001,CR
2,Eretmochelys imbricata,8005,2001,CR
2,Galeocerdo cuvier,39378,2001,NT
2,Isurus oxyrinchus,39341,2001,NT
2,Lepidochelys olivacea,11534,2001,EN
2,Megaptera novaeangliae,13006,2001,VU
2,Prionace glauca,39381,2001,NT
2,Rhincodon typus,19488,2001,VU
2,Steno bredanensis,20738,2001,LC
2,Triaenodon obesus,39384,2001,NT
2,Alopias vulpinus,39339,2e3,VU
2,Balaenoptera musculus,2477,2e3,EN
2,Carcharhinus melanopterus,39375,2e3,NT
2,Carcharodon carcharias,3855,2e3,VU
2,Caretta caretta,3897,2e3,EN
2,Caretta caretta,84199475,2e3,NT
2,Cheilinus undulatus,4592,2e3,VU
2,Chelonia mydas,4615,2e3,EN
2,Dermochelys coriacea,6494,2e3,CR
2,Dermochelys coriacea,46967863,2e3,CR
2,Eretmochelys imbricata,8005,2e3,CR
2,Galeocerdo cuvier,39378,2e3,NT
2,Isurus oxyrinchus,39341,2e3,NT
2,Lepidochelys olivacea,11534,2e3,EN
2,Megaptera novaeangliae,13006,2e3,VU
2,Prionace glauca,39381,2e3,NT
2,Rhincodon typus,19488,2e3,VU
2,Steno bredanensis,20738,2e3,LC
2,Triaenodon obesus,39384,2e3,NT
3,Alopias vulpinus,39339,2016,VU
3,Balaenoptera musculus,2477,2016,EN
3,Carcharhinus melanopterus,39375,2016,NT
3,Carcharodon carcharias,3855,2016,VU
3,Caretta caretta,3897,2016,VU
3,Caretta caretta,84199475,2016,NT
3,Cheilinus undulatus,4592,2016,EN
3,Chelonia mydas,4615,2016,EN
3,Dermochelys coriacea,6494,2016,VU
3,Dermochelys coriacea,46967863,2016,CR
3,Eretmochelys imbricata,8005,2016,CR
3,Galeocerdo cuvier,39378,2016,NT
3,Isurus oxyrinchus,39341,2016,VU
3,Lepidochelys olivacea,11534,2016,VU
3,Megaptera novaeangliae,13006,2016,LC
3,Prionace glauca,39381,2016,NT
3,Rhincodon typus,19488,2016,EN
3,Steno bredanensis,20738,2016,LC
3,Triaenodon obesus,39384,2016,NT
3,Alopias vulpinus,39339,2015,VU
3,Balaenoptera musculus,2477,2015,EN
3,Carcharhinus melanopterus,39375,2015,NT
3,Carcharodon carcharias,3855,2015,VU
3,Caretta caretta,3897,2015,VU
3,Caretta caretta,84199475,2015,NT
3,Cheilinus undulatus,4592,2015,EN
3,Chelonia mydas,4615,2015,EN
3,Dermochelys coriacea,6494,2015,VU
3,Dermochelys coriacea,46967863,2015,CR
3,Eretmochelys imbricata,8005,2015,CR
3,Galeocerdo cuvier,39378,2015,NT
3,Isurus oxyrinchus,39341,2015,VU
3,Lepidochelys olivacea,11534,2015,VU
3,Megaptera novaeangliae,13006,2015,LC
3,Prionace glauca,39381,2015,NT
3,Rhincodon typus,19488,2015,VU
3,Steno bredanensis,20738,2015,LC
3,Triaenodon obesus,39384,2015,NT
3,Alopias vulpinus,39339,2014,VU
3,Balaenoptera musculus,2477,2014,EN
3,Carcharhinus melanopterus,39375,2014,NT
3,Carcharodon carcharias,3855,2014,VU
3,Caretta caretta,3897,2014,EN
3,Caretta caretta,84199475,2014,NT
3,Cheilinus undulatus,4592,2014,EN
3,Chelonia mydas,4615,2014,EN
3,Dermochelys coriacea,6494,2014,VU
3,Dermochelys coriacea,46967863,2014,CR
3,Eretmochelys imbricata,8005,2014,CR
3,Galeocerdo cuvier,39378,2014,NT
3,Isurus oxyrinchus,39341,2014,VU
3,Lepidochelys olivacea,11534,2014,VU
3,Megaptera novaeangliae,13006,2014,LC
3,Prionace glauca,39381,2014,NT
3,Rhincodon typus,19488,2014,VU
3,Steno bredanensis,20738,2014,LC
3,Triaenodon obesus,39384,2014,NT
3,Alopias vulpinus,39339,2013,VU
3,Balaenoptera musculus,2477,2013,EN
3,Carcharhinus melanopterus,39375,2013,NT
3,Carcharodon carcharias,3855,2013,VU
3,Caretta caretta,3897,2013,EN
3,Caretta caretta,84199475,2013,NT
3,Cheilinus undulatus,4592,2013,EN
3,Chelonia mydas,4615,2013,EN
3,Dermochelys coriacea,6494,2013,VU
3,Dermochelys coriacea,46967863,2013,CR
3,Eretmochelys imbricata,8005,2013,CR
3,Galeocerdo cuvier,39378,2013,NT
3,Isurus oxyrinchus,39341,2013,VU
3,Lepidochelys olivacea,11534,2013,VU
3,Megaptera novaeangliae,13006,2013,LC
3,Prionace glauca,39381,2013,NT
3,Rhincodon typus,19488,2013,VU
3,Steno bredanensis,20738,2013,LC
3,Triaenodon obesus,39384,2013,NT
3,Alopias vulpinus,39339,2012,VU
3,Balaenoptera musculus,2477,2012,EN
3,Carcharhinus melanopterus,39375,2012,NT
3,Carcharodon carcharias,3855,2012,VU
3,Caretta caretta,3897,2012,EN
3,Caretta caretta,84199475,2012,NT
3,Cheilinus undulatus,4592,2012,EN
3,Chelonia mydas,4615,2012,EN
3,Dermochelys coriacea,6494,2012,CR
3,Dermochelys coriacea,46967863,2012,CR
3,Eretmochelys imbricata,8005,2012,CR
3,Galeocerdo cuvier,39378,2012,NT
3,Isurus oxyrinchus,39341,2012,VU
3,Lepidochelys olivacea,11534,2012,VU
3,Megaptera novaeangliae,13006,2012,LC
3,Prionace glauca,39381,2012,NT
3,Rhincodon typus,19488,2012,VU
3,Steno bredanensis,20738,2012,LC
3,Triaenodon obesus,39384,2012,NT
3,Alopias vulpinus,39339,2011,VU
3,Balaenoptera musculus,2477,2011,EN
3,Carcharhinus melanopterus,39375,2011,NT
3,Carcharodon carcharias,3855,2011,VU
3,Caretta caretta,3897,2011,EN
3,Caretta caretta,84199475,2011,NT
3,Cheilinus undulatus,4592,2011,EN
3,Chelonia mydas,4615,2011,EN
3,Dermochelys coriacea,6494,2011,CR
3,Dermochelys coriacea,46967863,2011,CR
3,Eretmochelys imbricata,8005,2011,CR
3,Galeocerdo cuvier,39378,2011,NT
3,Isurus oxyrinchus,39341,2011,VU
3,Lepidochelys olivacea,11534,2011,VU
3,Megaptera novaeangliae,13006,2011,LC
3,Prionace glauca,39381,2011,NT
3,Rhincodon typus,19488,2011,VU
3,Steno bredanensis,20738,2011,LC
3,Triaenodon obesus,39384,2011,NT
3,Alopias vulpinus,39339,2010,VU
3,Balaenoptera musculus,2477,2010,EN
3,Carcharhinus melanopterus,39375,2010,NT
3,Carcharodon carcharias,3855,2010,VU
3,Caretta caretta,3897,2010,EN
3,Caretta caretta,84199475,2010,NT
3,Cheilinus undulatus,4592,2010,EN
3,Chelonia mydas,4615,2010,EN
3,Dermochelys coriacea,6494,2010,CR
3,Dermochelys coriacea,46967863,2010,CR
3,Eretmochelys imbricata,8005,2010,CR
3,Galeocerdo cuvier,39378,2010,NT
3,Isurus oxyrinchus,39341,2010,VU
3,Lepidochelys olivacea,11534,2010,VU
3,Megaptera novaeangliae,13006,2010,LC
3,Prionace glauca,39381,2010,NT
3,Rhincodon typus,19488,2010,VU
3,Steno bredanensis,20738,2010,LC
3,Triaenodon obesus,39384,2010,NT
3,Alopias vulpinus,39339,2009,VU
3,Balaenoptera musculus,2477,2009,EN
3,Carcharhinus melanopterus,39375,2009,NT
3,Carcharodon carcharias,3855,2009,VU
3,Caretta caretta,3897,2009,EN
3,Caretta caretta,84199475,2009,NT
3,Cheilinus undulatus,4592,2009,EN
3,Chelonia mydas,4615,2009,EN
3,Dermochelys coriacea,6494,2009,CR
3,Dermochelys coriacea,46967863,2009,CR
3,Eretmochelys imbricata,8005,2009,CR
3,Galeocerdo cuvier,39378,2009,NT
3,Isurus oxyrinchus,39341,2009,VU
3,Lepidochelys olivacea,11534,2009,VU
3,Megaptera novaeangliae,13006,2009,LC
3,Prionace glauca,39381,2009,NT
3,Rhincodon typus,19488,2009,VU
3,Steno bredanensis,20738,2009,LC
3,Triaenodon obesus,39384,2009,NT
3,Alopias vulpinus,39339,2008,VU
3,Balaenoptera musculus,2477,2008,EN
3,Carcharhinus melanopterus,39375,2008,NT
3,Carcharodon carcharias,3855,2008,VU
3,Caretta caretta,3897,2008,EN
3,Caretta caretta,84199475,2008,NT
3,Cheilinus undulatus,4592,2008,EN
3,Chelonia mydas,4615,2008,EN
3,Dermochelys coriacea,6494,2008,CR
3,Dermochelys coriacea,46967863,2008,CR
3,Eretmochelys imbricata,8005,2008,CR
3,Galeocerdo cuvier,39378,2008,NT
3,Isurus oxyrinchus,39341,2008,NT
3,Lepidochelys olivacea,11534,2008,VU
3,Megaptera novaeangliae,13006,2008,LC
3,Prionace glauca,39381,2008,NT
3,Rhincodon typus,19488,2008,VU
3,Steno bredanensis,20738,2008,LC
3,Triaenodon obesus,39384,2008,NT
3,Alopias vulpinus,39339,2007,VU
3,Balaenoptera musculus,2477,2007,EN
3,Carcharhinus melanopterus,39375,2007,NT
3,Carcharodon carcharias,3855,2007,VU
3,Caretta caretta,3897,2007,EN
3,Caretta caretta,84199475,2007,NT
3,Cheilinus undulatus,4592,2007,EN
3,Chelonia mydas,4615,2007,EN
3,Dermochelys coriacea,6494,2007,CR
3,Dermochelys coriacea,46967863,2007,CR
3,Eretmochelys imbricata,8005,2007,CR
3,Galeocerdo cuvier,39378,2007,NT
3,Isurus oxyrinchus,39341,2007,NT
3,Lepidochelys olivacea,11534,2007,EN
3,Megaptera novaeangliae,13006,2007,VU
3,Prionace glauca,39381,2007,NT
3,Rhincodon typus,19488,2007,VU
3,Steno bredanensis,20738,2007,LC
3,Triaenodon obesus,39384,2007,NT
3,Alopias vulpinus,39339,2006,VU
3,Balaenoptera musculus,2477,2006,EN
3,Carcharhinus melanopterus,39375,2006,NT
3,Carcharodon carcharias,3855,2006,VU
3,Caretta caretta,3897,2006,EN
3,Caretta caretta,84199475,2006,NT
3,Cheilinus undulatus,4592,2006,EN
3,Chelonia mydas,4615,2006,EN
3,Dermochelys coriacea,6494,2006,CR
3,Dermochelys coriacea,46967863,2006,CR
3,Eretmochelys imbricata,8005,2006,CR
3,Galeocerdo cuvier,39378,2006,NT
3,Isurus oxyrinchus,39341,2006,NT
3,Lepidochelys olivacea,11534,2006,EN
3,Megaptera novaeangliae,13006,2006,VU
3,Prionace glauca,39381,2006,NT
3,Rhincodon typus,19488,2006,VU
3,Steno bredanensis,20738,2006,LC
3,Triaenodon obesus,39384,2006,NT
3,Alopias vulpinus,39339,2005,VU
3,Balaenoptera musculus,2477,2005,EN
3,Carcharhinus melanopterus,39375,2005,NT
3,Carcharodon carcharias,3855,2005,VU
3,Caretta caretta,3897,2005,EN
3,Caretta caretta,84199475,2005,NT
3,Cheilinus undulatus,4592,2005,EN
3,Chelonia mydas,4615,2005,EN
3,Dermochelys coriacea,6494,2005,CR
3,Dermochelys coriacea,46967863,2005,CR
3,Eretmochelys imbricata,8005,2005,CR
3,Galeocerdo cuvier,39378,2005,NT
3,Isurus oxyrinchus,39341,2005,NT
3,Lepidochelys olivacea,11534,2005,EN
3,Megaptera novaeangliae,13006,2005,VU
3,Prionace glauca,39381,2005,NT
3,Rhincodon typus,19488,2005,VU
3,Steno bredanensis,20738,2005,LC
3,Triaenodon obesus,39384,2005,NT
3,Alopias vulpinus,39339,2004,VU
3,Balaenoptera musculus,2477,2004,EN
3,Carcharhinus melanopterus,39375,2004,NT
3,Carcharodon carcharias,3855,2004,VU
3,Caretta caretta,3897,2004,EN
3,Caretta caretta,84199475,2004,NT
3,Cheilinus undulatus,4592,2004,EN
3,Chelonia mydas,4615,2004,EN
3,Dermochelys coriacea,6494,2004,CR
3,Dermochelys coriacea,46967863,2004,CR
3,Eretmochelys imbricata,8005,2004,CR
3,Galeocerdo cuvier,39378,2004,NT
3,Isurus oxyrinchus,39341,2004,NT
3,Lepidochelys olivacea,11534,2004,EN
3,Megaptera novaeangliae,13006,2004,VU
3,Prionace glauca,39381,2004,NT
3,Rhincodon typus,19488,2004,VU
3,Steno bredanensis,20738,2004,LC
3,Triaenodon obesus,39384,2004,NT
3,Alopias vulpinus,39339,2003,VU
3,Balaenoptera musculus,2477,2003,EN
3,Carcharhinus melanopterus,39375,2003,NT
3,Carcharodon carcharias,3855,2003,VU
3,Caretta caretta,3897,2003,EN
3,Caretta caretta,84199475,2003,NT
3,Cheilinus undulatus,4592,2003,VU
3,Chelonia mydas,4615,2003,EN
3,Dermochelys coriacea,6494,2003,CR
3,Dermochelys coriacea,46967863,2003,CR
3,Eretmochelys imbricata,8005,2003,CR
3,Galeocerdo cuvier,39378,2003,NT
3,Isurus oxyrinchus,39341,2003,NT
3,Lepidochelys olivacea,11534,2003,EN
3,Megaptera novaeangliae,13006,2003,VU
3,Prionace glauca,39381,2003,NT
3,Rhincodon typus,19488,2003,VU
3,Steno bredanensis,20738,2003,LC
3,Triaenodon obesus,39384,2003,NT
3,Alopias vulpinus,39339,2002,VU
3,Balaenoptera musculus,2477,2002,EN
3,Carcharhinus melanopterus,39375,2002,NT
3,Carcharodon carcharias,3855,2002,VU
3,Caretta caretta,3897,2002,EN
3,Caretta caretta,84199475,2002,NT
3,Cheilinus undulatus,4592,2002,VU
3,Chelonia mydas,4615,2002,EN
3,Dermochelys coriacea,6494,2002,CR
3,Dermochelys coriacea,46967863,2002,CR
3,Eretmochelys imbricata,8005,2002,CR
3,Galeocerdo cuvier,39378,2002,NT
3,Isurus oxyrinchus,39341,2002,NT
3,Lepidochelys olivacea,11534,2002,EN
3,Megaptera novaeangliae,13006,2002,VU
3,Prionace glauca,39381,2002,NT
3,Rhincodon typus,19488,2002,VU
3,Steno bredanensis,20738,2002,LC
3,Triaenodon obesus,39384,2002,NT
3,Alopias vulpinus,39339,2001,VU
3,Balaenoptera musculus,2477,2001,EN
3,Carcharhinus melanopterus,39375,2001,NT
3,Carcharodon carcharias,3855,2001,VU
3,Caretta caretta,3897,2001,EN
3,Caretta caretta,84199475,2001,NT
3,Cheilinus undulatus,4592,2001,VU
3,Chelonia mydas,4615,2001,EN
3,Dermochelys coriacea,6494,2001,CR
3,Dermochelys coriacea,46967863,2001,CR
3,Eretmochelys imbricata,8005,2001,CR
3,Galeocerdo cuvier,39378,2001,NT
3,Isurus oxyrinchus,39341,2001,NT
3,Lepidochelys olivacea,11534,2001,EN
3,Megaptera novaeangliae,13006,2001,VU
3,Prionace glauca,39381,2001,NT
3,Rhincodon typus,19488,2001,VU
3,Steno bredanensis,20738,2001,LC
3,Triaenodon obesus,39384,2001,NT
3,Alopias vulpinus,39339,2e3,VU
3,Balaenoptera musculus,2477,2e3,EN
3,Carcharhinus melanopterus,39375,2e3,NT
3,Carcharodon carcharias,3855,2e3,VU
3,Caretta caretta,3897,2e3,EN
3,Caretta caretta,84199475,2e3,NT
3,Cheilinus undulatus,4592,2e3,VU
3,Chelonia mydas,4615,2e3,EN
3,Dermochelys coriacea,6494,2e3,CR
3,Dermochelys coriacea,46967863,2e3,CR
3,Eretmochelys imbricata,8005,2e3,CR
3,Galeocerdo cuvier,39378,2e3,NT
3,Isurus oxyrinchus,39341,2e3,NT
3,Lepidochelys olivacea,11534,2e3,EN
3,Megaptera novaeangliae,13006,2e3,VU
3,Prionace glauca,39381,2e3,NT
3,Rhincodon typus,19488,2e3,VU
3,Steno bredanensis,20738,2e3,LC
3,Triaenodon obesus,39384,2e3,NT
4,Alopias vulpinus,39339,2016,VU
4,Balaenoptera musculus,2477,2016,EN
4,Carcharhinus melanopterus,39375,2016,NT
4,Carcharodon carcharias,3855,2016,VU
4,Caretta caretta,3897,2016,VU
4,Caretta caretta,84199475,2016,NT
4,Cheilinus undulatus,4592,2016,EN
4,Chelonia mydas,4615,2016,EN
4,Dermochelys coriacea,6494,2016,VU
4,Dermochelys coriacea,46967863,2016,CR
4,Eretmochelys imbricata,8005,2016,CR
4,Galeocerdo cuvier,39378,2016,NT
4,Isurus oxyrinchus,39341,2016,VU
4,Lepidochelys olivacea,11534,2016,VU
4,Megaptera novaeangliae,13006,2016,LC
4,Prionace glauca,39381,2016,NT
4,Rhincodon typus,19488,2016,EN
4,Steno bredanensis,20738,2016,LC
4,Triaenodon obesus,39384,2016,NT
4,Alopias vulpinus,39339,2015,VU
4,Balaenoptera musculus,2477,2015,EN
4,Carcharhinus melanopterus,39375,2015,NT
4,Carcharodon carcharias,3855,2015,VU
4,Caretta caretta,3897,2015,VU
4,Caretta caretta,84199475,2015,NT
4,Cheilinus undulatus,4592,2015,EN
4,Chelonia mydas,4615,2015,EN
4,Dermochelys coriacea,6494,2015,VU
4,Dermochelys coriacea,46967863,2015,CR
4,Eretmochelys imbricata,8005,2015,CR
4,Galeocerdo cuvier,39378,2015,NT
4,Isurus oxyrinchus,39341,2015,VU
4,Lepidochelys olivacea,11534,2015,VU
4,Megaptera novaeangliae,13006,2015,LC
4,Prionace glauca,39381,2015,NT
4,Rhincodon typus,19488,2015,VU
4,Steno bredanensis,20738,2015,LC
4,Triaenodon obesus,39384,2015,NT
4,Alopias vulpinus,39339,2014,VU
4,Balaenoptera musculus,2477,2014,EN
4,Carcharhinus melanopterus,39375,2014,NT
4,Carcharodon carcharias,3855,2014,VU
4,Caretta caretta,3897,2014,EN
4,Caretta caretta,84199475,2014,NT
4,Cheilinus undulatus,4592,2014,EN
4,Chelonia mydas,4615,2014,EN
4,Dermochelys coriacea,6494,2014,VU
4,Dermochelys coriacea,46967863,2014,CR
4,Eretmochelys imbricata,8005,2014,CR
4,Galeocerdo cuvier,39378,2014,NT
4,Isurus oxyrinchus,39341,2014,VU
4,Lepidochelys olivacea,11534,2014,VU
4,Megaptera novaeangliae,13006,2014,LC
4,Prionace glauca,39381,2014,NT
4,Rhincodon typus,19488,2014,VU
4,Steno bredanensis,20738,2014,LC
4,Triaenodon obesus,39384,2014,NT
4,Alopias vulpinus,39339,2013,VU
4,Balaenoptera musculus,2477,2013,EN
4,Carcharhinus melanopterus,39375,2013,NT
4,Carcharodon carcharias,3855,2013,VU
4,Caretta caretta,3897,2013,EN
4,Caretta caretta,84199475,2013,NT
4,Cheilinus undulatus,4592,2013,EN
4,Chelonia mydas,4615,2013,EN
4,Dermochelys coriacea,6494,2013,VU
4,Dermochelys coriacea,46967863,2013,CR
4,Eretmochelys imbricata,8005,2013,CR
4,Galeocerdo cuvier,39378,2013,NT
4,Isurus oxyrinchus,39341,2013,VU
4,Lepidochelys olivacea,11534,2013,VU
4,Megaptera novaeangliae,13006,2013,LC
4,Prionace glauca,39381,2013,NT
4,Rhincodon typus,19488,2013,VU
4,Steno bredanensis,20738,2013,LC
4,Triaenodon obesus,39384,2013,NT
4,Alopias vulpinus,39339,2012,VU
4,Balaenoptera musculus,2477,2012,EN
4,Carcharhinus melanopterus,39375,2012,NT
4,Carcharodon carcharias,3855,2012,VU
4,Caretta caretta,3897,2012,EN
4,Caretta caretta,84199475,2012,NT
4,Cheilinus undulatus,4592,2012,EN
4,Chelonia mydas,4615,2012,EN
4,Dermochelys coriacea,6494,2012,CR
4,Dermochelys coriacea,46967863,2012,CR
4,Eretmochelys imbricata,8005,2012,CR
4,Galeocerdo cuvier,39378,2012,NT
4,Isurus oxyrinchus,39341,2012,VU
4,Lepidochelys olivacea,11534,2012,VU
4,Megaptera novaeangliae,13006,2012,LC
4,Prionace glauca,39381,2012,NT
4,Rhincodon typus,19488,2012,VU
4,Steno bredanensis,20738,2012,LC
4,Triaenodon obesus,39384,2012,NT
4,Alopias vulpinus,39339,2011,VU
4,Balaenoptera musculus,2477,2011,EN
4,Carcharhinus melanopterus,39375,2011,NT
4,Carcharodon carcharias,3855,2011,VU
4,Caretta caretta,3897,2011,EN
4,Caretta caretta,84199475,2011,NT
4,Cheilinus undulatus,4592,2011,EN
4,Chelonia mydas,4615,2011,EN
4,Dermochelys coriacea,6494,2011,CR
4,Dermochelys coriacea,46967863,2011,CR
4,Eretmochelys imbricata,8005,2011,CR
4,Galeocerdo cuvier,39378,2011,NT
4,Isurus oxyrinchus,39341,2011,VU
4,Lepidochelys olivacea,11534,2011,VU
4,Megaptera novaeangliae,13006,2011,LC
4,Prionace glauca,39381,2011,NT
4,Rhincodon typus,19488,2011,VU
4,Steno bredanensis,20738,2011,LC
4,Triaenodon obesus,39384,2011,NT
4,Alopias vulpinus,39339,2010,VU
4,Balaenoptera musculus,2477,2010,EN
4,Carcharhinus melanopterus,39375,2010,NT
4,Carcharodon carcharias,3855,2010,VU
4,Caretta caretta,3897,2010,EN
4,Caretta caretta,84199475,2010,NT
4,Cheilinus undulatus,4592,2010,EN
4,Chelonia mydas,4615,2010,EN
4,Dermochelys coriacea,6494,2010,CR
4,Dermochelys coriacea,46967863,2010,CR
4,Eretmochelys imbricata,8005,2010,CR
4,Galeocerdo cuvier,39378,2010,NT
4,Isurus oxyrinchus,39341,2010,VU
4,Lepidochelys olivacea,11534,2010,VU
4,Megaptera novaeangliae,13006,2010,LC
4,Prionace glauca,39381,2010,NT
4,Rhincodon typus,19488,2010,VU
4,Steno bredanensis,20738,2010,LC
4,Triaenodon obesus,39384,2010,NT
4,Alopias vulpinus,39339,2009,VU
4,Balaenoptera musculus,2477,2009,EN
4,Carcharhinus melanopterus,39375,2009,NT
4,Carcharodon carcharias,3855,2009,VU
4,Caretta caretta,3897,2009,EN
4,Caretta caretta,84199475,2009,NT
4,Cheilinus undulatus,4592,2009,EN
4,Chelonia mydas,4615,2009,EN
4,Dermochelys coriacea,6494,2009,CR
4,Dermochelys coriacea,46967863,2009,CR
4,Eretmochelys imbricata,8005,2009,CR
4,Galeocerdo cuvier,39378,2009,NT
4,Isurus oxyrinchus,39341,2009,VU
4,Lepidochelys olivacea,11534,2009,VU
4,Megaptera novaeangliae,13006,2009,LC
4,Prionace glauca,39381,2009,NT
4,Rhincodon typus,19488,2009,VU
4,Steno bredanensis,20738,2009,LC
4,Triaenodon obesus,39384,2009,NT
4,Alopias vulpinus,39339,2008,VU
4,Balaenoptera musculus,2477,2008,EN
4,Carcharhinus melanopterus,39375,2008,NT
4,Carcharodon carcharias,3855,2008,VU
4,Caretta caretta,3897,2008,EN
4,Caretta caretta,84199475,2008,NT
4,Cheilinus undulatus,4592,2008,EN
4,Chelonia mydas,4615,2008,EN
4,Dermochelys coriacea,6494,2008,CR
4,Dermochelys coriacea,46967863,2008,CR
4,Eretmochelys imbricata,8005,2008,CR
4,Galeocerdo cuvier,39378,2008,NT
4,Isurus oxyrinchus,39341,2008,NT
4,Lepidochelys olivacea,11534,2008,VU
4,Megaptera novaeangliae,13006,2008,LC
4,Prionace glauca,39381,2008,NT
4,Rhincodon typus,19488,2008,VU
4,Steno bredanensis,20738,2008,LC
4,Triaenodon obesus,39384,2008,NT
4,Alopias vulpinus,39339,2007,VU
4,Balaenoptera musculus,2477,2007,EN
4,Carcharhinus melanopterus,39375,2007,NT
4,Carcharodon carcharias,3855,2007,VU
4,Caretta caretta,3897,2007,EN
4,Caretta caretta,84199475,2007,NT
4,Cheilinus undulatus,4592,2007,EN
4,Chelonia mydas,4615,2007,EN
4,Dermochelys coriacea,6494,2007,CR
4,Dermochelys coriacea,46967863,2007,CR
4,Eretmochelys imbricata,8005,2007,CR
4,Galeocerdo cuvier,39378,2007,NT
4,Isurus oxyrinchus,39341,2007,NT
4,Lepidochelys olivacea,11534,2007,EN
4,Megaptera novaeangliae,13006,2007,VU
4,Prionace glauca,39381,2007,NT
4,Rhincodon typus,19488,2007,VU
4,Steno bredanensis,20738,2007,LC
4,Triaenodon obesus,39384,2007,NT
4,Alopias vulpinus,39339,2006,VU
4,Balaenoptera musculus,2477,2006,EN
4,Carcharhinus melanopterus,39375,2006,NT
4,Carcharodon carcharias,3855,2006,VU
4,Caretta caretta,3897,2006,EN
4,Caretta caretta,84199475,2006,NT
4,Cheilinus undulatus,4592,2006,EN
4,Chelonia mydas,4615,2006,EN
4,Dermochelys coriacea,6494,2006,CR
4,Dermochelys coriacea,46967863,2006,CR
4,Eretmochelys imbricata,8005,2006,CR
4,Galeocerdo cuvier,39378,2006,NT
4,Isurus oxyrinchus,39341,2006,NT
4,Lepidochelys olivacea,11534,2006,EN
4,Megaptera novaeangliae,13006,2006,VU
4,Prionace glauca,39381,2006,NT
4,Rhincodon typus,19488,2006,VU
4,Steno bredanensis,20738,2006,LC
4,Triaenodon obesus,39384,2006,NT
4,Alopias vulpinus,39339,2005,VU
4,Balaenoptera musculus,2477,2005,EN
4,Carcharhinus melanopterus,39375,2005,NT
4,Carcharodon carcharias,3855,2005,VU
4,Caretta caretta,3897,2005,EN
4,Caretta caretta,84199475,2005,NT
4,Cheilinus undulatus,4592,2005,EN
4,Chelonia mydas,4615,2005,EN
4,Dermochelys coriacea,6494,2005,CR
4,Dermochelys coriacea,46967863,2005,CR
4,Eretmochelys imbricata,8005,2005,CR
4,Galeocerdo cuvier,39378,2005,NT
4,Isurus oxyrinchus,39341,2005,NT
4,Lepidochelys olivacea,11534,2005,EN
4,Megaptera novaeangliae,13006,2005,VU
4,Prionace glauca,39381,2005,NT
4,Rhincodon typus,19488,2005,VU
4,Steno bredanensis,20738,2005,LC
4,Triaenodon obesus,39384,2005,NT
4,Alopias vulpinus,39339,2004,VU
4,Balaenoptera musculus,2477,2004,EN
4,Carcharhinus melanopterus,39375,2004,NT
4,Carcharodon carcharias,3855,2004,VU
4,Caretta caretta,3897,2004,EN
4,Caretta caretta,84199475,2004,NT
4,Cheilinus undulatus,4592,2004,EN
4,Chelonia mydas,4615,2004,EN
4,Dermochelys coriacea,6494,2004,CR
4,Dermochelys coriacea,46967863,2004,CR
4,Eretmochelys imbricata,8005,2004,CR
4,Galeocerdo cuvier,39378,2004,NT
4,Isurus oxyrinchus,39341,2004,NT
4,Lepidochelys olivacea,11534,2004,EN
4,Megaptera novaeangliae,13006,2004,VU
4,Prionace glauca,39381,2004,NT
4,Rhincodon typus,19488,2004,VU
4,Steno bredanensis,20738,2004,LC
4,Triaenodon obesus,39384,2004,NT
4,Alopias vulpinus,39339,2003,VU
4,Balaenoptera musculus,2477,2003,EN
4,Carcharhinus melanopterus,39375,2003,NT
4,Carcharodon carcharias,3855,2003,VU
4,Caretta caretta,3897,2003,EN
4,Caretta caretta,84199475,2003,NT
4,Cheilinus undulatus,4592,2003,VU
4,Chelonia mydas,4615,2003,EN
4,Dermochelys coriacea,6494,2003,CR
4,Dermochelys coriacea,46967863,2003,CR
4,Eretmochelys imbricata,8005,2003,CR
4,Galeocerdo cuvier,39378,2003,NT
4,Isurus oxyrinchus,39341,2003,NT
4,Lepidochelys olivacea,11534,2003,EN
4,Megaptera novaeangliae,13006,2003,VU
4,Prionace glauca,39381,2003,NT
4,Rhincodon typus,19488,2003,VU
4,Steno bredanensis,20738,2003,LC
4,Triaenodon obesus,39384,2003,NT
4,Alopias vulpinus,39339,2002,VU
4,Balaenoptera musculus,2477,2002,EN
4,Carcharhinus melanopterus,39375,2002,NT
4,Carcharodon carcharias,3855,2002,VU
4,Caretta caretta,3897,2002,EN
4,Caretta caretta,84199475,2002,NT
4,Cheilinus undulatus,4592,2002,VU
4,Chelonia mydas,4615,2002,EN
4,Dermochelys coriacea,6494,2002,CR
4,Dermochelys coriacea,46967863,2002,CR
4,Eretmochelys imbricata,8005,2002,CR
4,Galeocerdo cuvier,39378,2002,NT
4,Isurus oxyrinchus,39341,2002,NT
4,Lepidochelys olivacea,11534,2002,EN
4,Megaptera novaeangliae,13006,2002,VU
4,Prionace glauca,39381,2002,NT
4,Rhincodon typus,19488,2002,VU
4,Steno bredanensis,20738,2002,LC
4,Triaenodon obesus,39384,2002,NT
4,Alopias vulpinus,39339,2001,VU
4,Balaenoptera musculus,2477,2001,EN
4,Carcharhinus melanopterus,39375,2001,NT
4,Carcharodon carcharias,3855,2001,VU
4,Caretta caretta,3897,2001,EN
4,Caretta caretta,84199475,2001,NT
4,Cheilinus undulatus,4592,2001,VU
4,Chelonia mydas,4615,2001,EN
4,Dermochelys coriacea,6494,2001,CR
4,Dermochelys coriacea,46967863,2001,CR
4,Eretmochelys imbricata,8005,2001,CR
4,Galeocerdo cuvier,39378,2001,NT
4,Isurus oxyrinchus,39341,2001,NT
4,Lepidochelys olivacea,11534,2001,EN
4,Megaptera novaeangliae,13006,2001,VU
4,Prionace glauca,39381,2001,NT
4,Rhincodon typus,19488,2001,VU
4,Steno bredanensis,20738,2001,LC
4,Triaenodon obesus,39384,2001,NT
4,Alopias vulpinus,39339,2e3,VU
4,Balaenoptera musculus,2477,2e3,EN
4,Carcharhinus melanopterus,39375,2e3,NT
4,Carcharodon carcharias,3855,2e3,VU
4,Caretta caretta,3897,2e3,EN
4,Caretta caretta,84199475,2e3,NT
4,Cheilinus undulatus,4592,2e3,VU
4,Chelonia mydas,4615,2e3,EN
4,Dermochelys coriacea,6494,2e3,CR
4,Dermochelys coriacea,46967863,2e3,CR
4,Eretmochelys imbricata,8005,2e3,CR
4,Galeocerdo cuvier,39378,2e3,NT
4,Isurus oxyrinchus,39341,2e3,NT
4,Lepidochelys olivacea,11534,2e3,EN
4,Megaptera novaeangliae,13006,2e3,VU
4,Prionace glauca,39381,2e3,NT
4,Rhincodon typus,19488,2e3,VU
4,Steno bredanensis,20738,2e3,LC
4,Triaenodon obesus,39384,2e3,NT
5,Alopias vulpinus,39339,2016,VU
5,Balaenoptera musculus,2477,2016,EN
5,Carcharhinus melanopterus,39375,2016,NT
5,Carcharodon carcharias,3855,2016,VU
5,Caretta caretta,3897,2016,VU
5,Caretta caretta,84199475,2016,NT
5,Cheilinus undulatus,4592,2016,EN
5,Chelonia mydas,4615,2016,EN
5,Dermochelys coriacea,6494,2016,VU
5,Dermochelys coriacea,46967863,2016,CR
5,Eretmochelys imbricata,8005,2016,CR
5,Galeocerdo cuvier,39378,2016,NT
5,Isurus oxyrinchus,39341,2016,VU
5,Lepidochelys olivacea,11534,2016,VU
5,Megaptera novaeangliae,13006,2016,LC
5,Prionace glauca,39381,2016,NT
5,Rhincodon typus,19488,2016,EN
5,Steno bredanensis,20738,2016,LC
5,Triaenodon obesus,39384,2016,NT
5,Alopias vulpinus,39339,2015,VU
5,Balaenoptera musculus,2477,2015,EN
5,Carcharhinus melanopterus,39375,2015,NT
5,Carcharodon carcharias,3855,2015,VU
5,Caretta caretta,3897,2015,VU
5,Caretta caretta,84199475,2015,NT
5,Cheilinus undulatus,4592,2015,EN
5,Chelonia mydas,4615,2015,EN
5,Dermochelys coriacea,6494,2015,VU
5,Dermochelys coriacea,46967863,2015,CR
5,Eretmochelys imbricata,8005,2015,CR
5,Galeocerdo cuvier,39378,2015,NT
5,Isurus oxyrinchus,39341,2015,VU
5,Lepidochelys olivacea,11534,2015,VU
5,Megaptera novaeangliae,13006,2015,LC
5,Prionace glauca,39381,2015,NT
5,Rhincodon typus,19488,2015,VU
5,Steno bredanensis,20738,2015,LC
5,Triaenodon obesus,39384,2015,NT
5,Alopias vulpinus,39339,2014,VU
5,Balaenoptera musculus,2477,2014,EN
5,Carcharhinus melanopterus,39375,2014,NT
5,Carcharodon carcharias,3855,2014,VU
5,Caretta caretta,3897,2014,EN
5,Caretta caretta,84199475,2014,NT
5,Cheilinus undulatus,4592,2014,EN
5,Chelonia mydas,4615,2014,EN
5,Dermochelys coriacea,6494,2014,VU
5,Dermochelys coriacea,46967863,2014,CR
5,Eretmochelys imbricata,8005,2014,CR
5,Galeocerdo cuvier,39378,2014,NT
5,Isurus oxyrinchus,39341,2014,VU
5,Lepidochelys olivacea,11534,2014,VU
5,Megaptera novaeangliae,13006,2014,LC
5,Prionace glauca,39381,2014,NT
5,Rhincodon typus,19488,2014,VU
5,Steno bredanensis,20738,2014,LC
5,Triaenodon obesus,39384,2014,NT
5,Alopias vulpinus,39339,2013,VU
5,Balaenoptera musculus,2477,2013,EN
5,Carcharhinus melanopterus,39375,2013,NT
5,Carcharodon carcharias,3855,2013,VU
5,Caretta caretta,3897,2013,EN
5,Caretta caretta,84199475,2013,NT
5,Cheilinus undulatus,4592,2013,EN
5,Chelonia mydas,4615,2013,EN
5,Dermochelys coriacea,6494,2013,VU
5,Dermochelys coriacea,46967863,2013,CR
5,Eretmochelys imbricata,8005,2013,CR
5,Galeocerdo cuvier,39378,2013,NT
5,Isurus oxyrinchus,39341,2013,VU
5,Lepidochelys olivacea,11534,2013,VU
5,Megaptera novaeangliae,13006,2013,LC
5,Prionace glauca,39381,2013,NT
5,Rhincodon typus,19488,2013,VU
5,Steno bredanensis,20738,2013,LC
5,Triaenodon obesus,39384,2013,NT
5,Alopias vulpinus,39339,2012,VU
5,Balaenoptera musculus,2477,2012,EN
5,Carcharhinus melanopterus,39375,2012,NT
5,Carcharodon carcharias,3855,2012,VU
5,Caretta caretta,3897,2012,EN
5,Caretta caretta,84199475,2012,NT
5,Cheilinus undulatus,4592,2012,EN
5,Chelonia mydas,4615,2012,EN
5,Dermochelys coriacea,6494,2012,CR
5,Dermochelys coriacea,46967863,2012,CR
5,Eretmochelys imbricata,8005,2012,CR
5,Galeocerdo cuvier,39378,2012,NT
5,Isurus oxyrinchus,39341,2012,VU
5,Lepidochelys olivacea,11534,2012,VU
5,Megaptera novaeangliae,13006,2012,LC
5,Prionace glauca,39381,2012,NT
5,Rhincodon typus,19488,2012,VU
5,Steno bredanensis,20738,2012,LC
5,Triaenodon obesus,39384,2012,NT
5,Alopias vulpinus,39339,2011,VU
5,Balaenoptera musculus,2477,2011,EN
5,Carcharhinus melanopterus,39375,2011,NT
5,Carcharodon carcharias,3855,2011,VU
5,Caretta caretta,3897,2011,EN
5,Caretta caretta,84199475,2011,NT
5,Cheilinus undulatus,4592,2011,EN
5,Chelonia mydas,4615,2011,EN
5,Dermochelys coriacea,6494,2011,CR
5,Dermochelys coriacea,46967863,2011,CR
5,Eretmochelys imbricata,8005,2011,CR
5,Galeocerdo cuvier,39378,2011,NT
5,Isurus oxyrinchus,39341,2011,VU
5,Lepidochelys olivacea,11534,2011,VU
5,Megaptera novaeangliae,13006,2011,LC
5,Prionace glauca,39381,2011,NT
5,Rhincodon typus,19488,2011,VU
5,Steno bredanensis,20738,2011,LC
5,Triaenodon obesus,39384,2011,NT
5,Alopias vulpinus,39339,2010,VU
5,Balaenoptera musculus,2477,2010,EN
5,Carcharhinus melanopterus,39375,2010,NT
5,Carcharodon carcharias,3855,2010,VU
5,Caretta caretta,3897,2010,EN
5,Caretta caretta,84199475,2010,NT
5,Cheilinus undulatus,4592,2010,EN
5,Chelonia mydas,4615,2010,EN
5,Dermochelys coriacea,6494,2010,CR
5,Dermochelys coriacea,46967863,2010,CR
5,Eretmochelys imbricata,8005,2010,CR
5,Galeocerdo cuvier,39378,2010,NT
5,Isurus oxyrinchus,39341,2010,VU
5,Lepidochelys olivacea,11534,2010,VU
5,Megaptera novaeangliae,13006,2010,LC
5,Prionace glauca,39381,2010,NT
5,Rhincodon typus,19488,2010,VU
5,Steno bredanensis,20738,2010,LC
5,Triaenodon obesus,39384,2010,NT
5,Alopias vulpinus,39339,2009,VU
5,Balaenoptera musculus,2477,2009,EN
5,Carcharhinus melanopterus,39375,2009,NT
5,Carcharodon carcharias,3855,2009,VU
5,Caretta caretta,3897,2009,EN
5,Caretta caretta,84199475,2009,NT
5,Cheilinus undulatus,4592,2009,EN
5,Chelonia mydas,4615,2009,EN
5,Dermochelys coriacea,6494,2009,CR
5,Dermochelys coriacea,46967863,2009,CR
5,Eretmochelys imbricata,8005,2009,CR
5,Galeocerdo cuvier,39378,2009,NT
5,Isurus oxyrinchus,39341,2009,VU
5,Lepidochelys olivacea,11534,2009,VU
5,Megaptera novaeangliae,13006,2009,LC
5,Prionace glauca,39381,2009,NT
5,Rhincodon typus,19488,2009,VU
5,Steno bredanensis,20738,2009,LC
5,Triaenodon obesus,39384,2009,NT
5,Alopias vulpinus,39339,2008,VU
5,Balaenoptera musculus,2477,2008,EN
5,Carcharhinus melanopterus,39375,2008,NT
5,Carcharodon carcharias,3855,2008,VU
5,Caretta caretta,3897,2008,EN
5,Caretta caretta,84199475,2008,NT
5,Cheilinus undulatus,4592,2008,EN
5,Chelonia mydas,4615,2008,EN
5,Dermochelys coriacea,6494,2008,CR
5,Dermochelys coriacea,46967863,2008,CR
5,Eretmochelys imbricata,8005,2008,CR
5,Galeocerdo cuvier,39378,2008,NT
5,Isurus oxyrinchus,39341,2008,NT
5,Lepidochelys olivacea,11534,2008,VU
5,Megaptera novaeangliae,13006,2008,LC
5,Prionace glauca,39381,2008,NT
5,Rhincodon typus,19488,2008,VU
5,Steno bredanensis,20738,2008,LC
5,Triaenodon obesus,39384,2008,NT
5,Alopias vulpinus,39339,2007,VU
5,Balaenoptera musculus,2477,2007,EN
5,Carcharhinus melanopterus,39375,2007,NT
5,Carcharodon carcharias,3855,2007,VU
5,Caretta caretta,3897,2007,EN
5,Caretta caretta,84199475,2007,NT
5,Cheilinus undulatus,4592,2007,EN
5,Chelonia mydas,4615,2007,EN
5,Dermochelys coriacea,6494,2007,CR
5,Dermochelys coriacea,46967863,2007,CR
5,Eretmochelys imbricata,8005,2007,CR
5,Galeocerdo cuvier,39378,2007,NT
5,Isurus oxyrinchus,39341,2007,NT
5,Lepidochelys olivacea,11534,2007,EN
5,Megaptera novaeangliae,13006,2007,VU
5,Prionace glauca,39381,2007,NT
5,Rhincodon typus,19488,2007,VU
5,Steno bredanensis,20738,2007,LC
5,Triaenodon obesus,39384,2007,NT
5,Alopias vulpinus,39339,2006,VU
5,Balaenoptera musculus,2477,2006,EN
5,Carcharhinus melanopterus,39375,2006,NT
5,Carcharodon carcharias,3855,2006,VU
5,Caretta caretta,3897,2006,EN
5,Caretta caretta,84199475,2006,NT
5,Cheilinus undulatus,4592,2006,EN
5,Chelonia mydas,4615,2006,EN
5,Dermochelys coriacea,6494,2006,CR
5,Dermochelys coriacea,46967863,2006,CR
5,Eretmochelys imbricata,8005,2006,CR
5,Galeocerdo cuvier,39378,2006,NT
5,Isurus oxyrinchus,39341,2006,NT
5,Lepidochelys olivacea,11534,2006,EN
5,Megaptera novaeangliae,13006,2006,VU
5,Prionace glauca,39381,2006,NT
5,Rhincodon typus,19488,2006,VU
5,Steno bredanensis,20738,2006,LC
5,Triaenodon obesus,39384,2006,NT
5,Alopias vulpinus,39339,2005,VU
5,Balaenoptera musculus,2477,2005,EN
5,Carcharhinus melanopterus,39375,2005,NT
5,Carcharodon carcharias,3855,2005,VU
5,Caretta caretta,3897,2005,EN
5,Caretta caretta,84199475,2005,NT
5,Cheilinus undulatus,4592,2005,EN
5,Chelonia mydas,4615,2005,EN
5,Dermochelys coriacea,6494,2005,CR
5,Dermochelys coriacea,46967863,2005,CR
5,Eretmochelys imbricata,8005,2005,CR
5,Galeocerdo cuvier,39378,2005,NT
5,Isurus oxyrinchus,39341,2005,NT
5,Lepidochelys olivacea,11534,2005,EN
5,Megaptera novaeangliae,13006,2005,VU
5,Prionace glauca,39381,2005,NT
5,Rhincodon typus,19488,2005,VU
5,Steno bredanensis,20738,2005,LC
5,Triaenodon obesus,39384,2005,NT
5,Alopias vulpinus,39339,2004,VU
5,Balaenoptera musculus,2477,2004,EN
5,Carcharhinus melanopterus,39375,2004,NT
5,Carcharodon carcharias,3855,2004,VU
5,Caretta caretta,3897,2004,EN
5,Caretta caretta,84199475,2004,NT
5,Cheilinus undulatus,4592,2004,EN
5,Chelonia mydas,4615,2004,EN
5,Dermochelys coriacea,6494,2004,CR
5,Dermochelys coriacea,46967863,2004,CR
5,Eretmochelys imbricata,8005,2004,CR
5,Galeocerdo cuvier,39378,2004,NT
5,Isurus oxyrinchus,39341,2004,NT
5,Lepidochelys olivacea,11534,2004,EN
5,Megaptera novaeangliae,13006,2004,VU
5,Prionace glauca,39381,2004,NT
5,Rhincodon typus,19488,2004,VU
5,Steno bredanensis,20738,2004,LC
5,Triaenodon obesus,39384,2004,NT
5,Alopias vulpinus,39339,2003,VU
5,Balaenoptera musculus,2477,2003,EN
5,Carcharhinus melanopterus,39375,2003,NT
5,Carcharodon carcharias,3855,2003,VU
5,Caretta caretta,3897,2003,EN
5,Caretta caretta,84199475,2003,NT
5,Cheilinus undulatus,4592,2003,VU
5,Chelonia mydas,4615,2003,EN
5,Dermochelys coriacea,6494,2003,CR
5,Dermochelys coriacea,46967863,2003,CR
5,Eretmochelys imbricata,8005,2003,CR
5,Galeocerdo cuvier,39378,2003,NT
5,Isurus oxyrinchus,39341,2003,NT
5,Lepidochelys olivacea,11534,2003,EN
5,Megaptera novaeangliae,13006,2003,VU
5,Prionace glauca,39381,2003,NT
5,Rhincodon typus,19488,2003,VU
5,Steno bredanensis,20738,2003,LC
5,Triaenodon obesus,39384,2003,NT
5,Alopias vulpinus,39339,2002,VU
5,Balaenoptera musculus,2477,2002,EN
5,Carcharhinus melanopterus,39375,2002,NT
5,Carcharodon carcharias,3855,2002,VU
5,Caretta caretta,3897,2002,EN
5,Caretta caretta,84199475,2002,NT
5,Cheilinus undulatus,4592,2002,VU
5,Chelonia mydas,4615,2002,EN
5,Dermochelys coriacea,6494,2002,CR
5,Dermochelys coriacea,46967863,2002,CR
5,Eretmochelys imbricata,8005,2002,CR
5,Galeocerdo cuvier,39378,2002,NT
5,Isurus oxyrinchus,39341,2002,NT
5,Lepidochelys olivacea,11534,2002,EN
5,Megaptera novaeangliae,13006,2002,VU
5,Prionace glauca,39381,2002,NT
5,Rhincodon typus,19488,2002,VU
5,Steno bredanensis,20738,2002,LC
5,Triaenodon obesus,39384,2002,NT
5,Alopias vulpinus,39339,2001,VU
5,Balaenoptera musculus,2477,2001,EN
5,Carcharhinus melanopterus,39375,2001,NT
5,Carcharodon carcharias,3855,2001,VU
5,Caretta caretta,3897,2001,EN
5,Caretta caretta,84199475,2001,NT
5,Cheilinus undulatus,4592,2001,VU
5,Chelonia mydas,4615,2001,EN
5,Dermochelys coriacea,6494,2001,CR
5,Dermochelys coriacea,46967863,2001,CR
5,Eretmochelys imbricata,8005,2001,CR
5,Galeocerdo cuvier,39378,2001,NT
5,Isurus oxyrinchus,39341,2001,NT
5,Lepidochelys olivacea,11534,2001,EN
5,Megaptera novaeangliae,13006,2001,VU
5,Prionace glauca,39381,2001,NT
5,Rhincodon typus,19488,2001,VU
5,Steno bredanensis,20738,2001,LC
5,Triaenodon obesus,39384,2001,NT
5,Alopias vulpinus,39339,2e3,VU
5,Balaenoptera musculus,2477,2e3,EN
5,Carcharhinus melanopterus,39375,2e3,NT
5,Carcharodon carcharias,3855,2e3,VU
5,Caretta caretta,3897,2e3,EN
5,Caretta caretta,84199475,2e3,NT
5,Cheilinus undulatus,4592,2e3,VU
5,Chelonia mydas,4615,2e3,EN
5,Dermochelys coriacea,6494,2e3,CR
5,Dermochelys coriacea,46967863,2e3,CR
5,Eretmochelys imbricata,8005,2e3,CR
5,Galeocerdo cuvier,39378,2e3,NT
5,Isurus oxyrinchus,39341,2e3,NT
5,Lepidochelys olivacea,11534,2e3,EN
5,Megaptera novaeangliae,13006,2e3,VU
5,Prionace glauca,39381,2e3,NT
5,Rhincodon typus,19488,2e3,VU
5,Steno bredanensis,20738,2e3,LC
5,Triaenodon obesus,39384,2e3,NT
6,Alopias vulpinus,39339,2016,VU
6,Balaenoptera musculus,2477,2016,EN
6,Carcharhinus melanopterus,39375,2016,NT
6,Carcharodon carcharias,3855,2016,VU
6,Caretta caretta,3897,2016,VU
6,Caretta caretta,84199475,2016,NT
6,Cheilinus undulatus,4592,2016,EN
6,Chelonia mydas,4615,2016,EN
6,Dermochelys coriacea,6494,2016,VU
6,Dermochelys coriacea,46967863,2016,CR
6,Eretmochelys imbricata,8005,2016,CR
6,Galeocerdo cuvier,39378,2016,NT
6,Isurus oxyrinchus,39341,2016,VU
6,Lepidochelys olivacea,11534,2016,VU
6,Megaptera novaeangliae,13006,2016,LC
6,Prionace glauca,39381,2016,NT
6,Rhincodon typus,19488,2016,EN
6,Steno bredanensis,20738,2016,LC
6,Triaenodon obesus,39384,2016,NT
6,Alopias vulpinus,39339,2015,VU
6,Balaenoptera musculus,2477,2015,EN
6,Carcharhinus melanopterus,39375,2015,NT
6,Carcharodon carcharias,3855,2015,VU
6,Caretta caretta,3897,2015,VU
6,Caretta caretta,84199475,2015,NT
6,Cheilinus undulatus,4592,2015,EN
6,Chelonia mydas,4615,2015,EN
6,Dermochelys coriacea,6494,2015,VU
6,Dermochelys coriacea,46967863,2015,CR
6,Eretmochelys imbricata,8005,2015,CR
6,Galeocerdo cuvier,39378,2015,NT
6,Isurus oxyrinchus,39341,2015,VU
6,Lepidochelys olivacea,11534,2015,VU
6,Megaptera novaeangliae,13006,2015,LC
6,Prionace glauca,39381,2015,NT
6,Rhincodon typus,19488,2015,VU
6,Steno bredanensis,20738,2015,LC
6,Triaenodon obesus,39384,2015,NT
6,Alopias vulpinus,39339,2014,VU
6,Balaenoptera musculus,2477,2014,EN
6,Carcharhinus melanopterus,39375,2014,NT
6,Carcharodon carcharias,3855,2014,VU
6,Caretta caretta,3897,2014,EN
6,Caretta caretta,84199475,2014,NT
6,Cheilinus undulatus,4592,2014,EN
6,Chelonia mydas,4615,2014,EN
6,Dermochelys coriacea,6494,2014,VU
6,Dermochelys coriacea,46967863,2014,CR
6,Eretmochelys imbricata,8005,2014,CR
6,Galeocerdo cuvier,39378,2014,NT
6,Isurus oxyrinchus,39341,2014,VU
6,Lepidochelys olivacea,11534,2014,VU
6,Megaptera novaeangliae,13006,2014,LC
6,Prionace glauca,39381,2014,NT
6,Rhincodon typus,19488,2014,VU
6,Steno bredanensis,20738,2014,LC
6,Triaenodon obesus,39384,2014,NT
6,Alopias vulpinus,39339,2013,VU
6,Balaenoptera musculus,2477,2013,EN
6,Carcharhinus melanopterus,39375,2013,NT
6,Carcharodon carcharias,3855,2013,VU
6,Caretta caretta,3897,2013,EN
6,Caretta caretta,84199475,2013,NT
6,Cheilinus undulatus,4592,2013,EN
6,Chelonia mydas,4615,2013,EN
6,Dermochelys coriacea,6494,2013,VU
6,Dermochelys coriacea,46967863,2013,CR
6,Eretmochelys imbricata,8005,2013,CR
6,Galeocerdo cuvier,39378,2013,NT
6,Isurus oxyrinchus,39341,2013,VU
6,Lepidochelys olivacea,11534,2013,VU
6,Megaptera novaeangliae,13006,2013,LC
6,Prionace glauca,39381,2013,NT
6,Rhincodon typus,19488,2013,VU
6,Steno bredanensis,20738,2013,LC
6,Triaenodon obesus,39384,2013,NT
6,Alopias vulpinus,39339,2012,VU
6,Balaenoptera musculus,2477,2012,EN
6,Carcharhinus melanopterus,39375,2012,NT
6,Carcharodon carcharias,3855,2012,VU
6,Caretta caretta,3897,2012,EN
6,Caretta caretta,84199475,2012,NT
6,Cheilinus undulatus,4592,2012,EN
6,Chelonia mydas,4615,2012,EN
6,Dermochelys coriacea,6494,2012,CR
6,Dermochelys coriacea,46967863,2012,CR
6,Eretmochelys imbricata,8005,2012,CR
6,Galeocerdo cuvier,39378,2012,NT
6,Isurus oxyrinchus,39341,2012,VU
6,Lepidochelys olivacea,11534,2012,VU
6,Megaptera novaeangliae,13006,2012,LC
6,Prionace glauca,39381,2012,NT
6,Rhincodon typus,19488,2012,VU
6,Steno bredanensis,20738,2012,LC
6,Triaenodon obesus,39384,2012,NT
6,Alopias vulpinus,39339,2011,VU
6,Balaenoptera musculus,2477,2011,EN
6,Carcharhinus melanopterus,39375,2011,NT
6,Carcharodon carcharias,3855,2011,VU
6,Caretta caretta,3897,2011,EN
6,Caretta caretta,84199475,2011,NT
6,Cheilinus undulatus,4592,2011,EN
6,Chelonia mydas,4615,2011,EN
6,Dermochelys coriacea,6494,2011,CR
6,Dermochelys coriacea,46967863,2011,CR
6,Eretmochelys imbricata,8005,2011,CR
6,Galeocerdo cuvier,39378,2011,NT
6,Isurus oxyrinchus,39341,2011,VU
6,Lepidochelys olivacea,11534,2011,VU
6,Megaptera novaeangliae,13006,2011,LC
6,Prionace glauca,39381,2011,NT
6,Rhincodon typus,19488,2011,VU
6,Steno bredanensis,20738,2011,LC
6,Triaenodon obesus,39384,2011,NT
6,Alopias vulpinus,39339,2010,VU
6,Balaenoptera musculus,2477,2010,EN
6,Carcharhinus melanopterus,39375,2010,NT
6,Carcharodon carcharias,3855,2010,VU
6,Caretta caretta,3897,2010,EN
6,Caretta caretta,84199475,2010,NT
6,Cheilinus undulatus,4592,2010,EN
6,Chelonia mydas,4615,2010,EN
6,Dermochelys coriacea,6494,2010,CR
6,Dermochelys coriacea,46967863,2010,CR
6,Eretmochelys imbricata,8005,2010,CR
6,Galeocerdo cuvier,39378,2010,NT
6,Isurus oxyrinchus,39341,2010,VU
6,Lepidochelys olivacea,11534,2010,VU
6,Megaptera novaeangliae,13006,2010,LC
6,Prionace glauca,39381,2010,NT
6,Rhincodon typus,19488,2010,VU
6,Steno bredanensis,20738,2010,LC
6,Triaenodon obesus,39384,2010,NT
6,Alopias vulpinus,39339,2009,VU
6,Balaenoptera musculus,2477,2009,EN
6,Carcharhinus melanopterus,39375,2009,NT
6,Carcharodon carcharias,3855,2009,VU
6,Caretta caretta,3897,2009,EN
6,Caretta caretta,84199475,2009,NT
6,Cheilinus undulatus,4592,2009,EN
6,Chelonia mydas,4615,2009,EN
6,Dermochelys coriacea,6494,2009,CR
6,Dermochelys coriacea,46967863,2009,CR
6,Eretmochelys imbricata,8005,2009,CR
6,Galeocerdo cuvier,39378,2009,NT
6,Isurus oxyrinchus,39341,2009,VU
6,Lepidochelys olivacea,11534,2009,VU
6,Megaptera novaeangliae,13006,2009,LC
6,Prionace glauca,39381,2009,NT
6,Rhincodon typus,19488,2009,VU
6,Steno bredanensis,20738,2009,LC
6,Triaenodon obesus,39384,2009,NT
6,Alopias vulpinus,39339,2008,VU
6,Balaenoptera musculus,2477,2008,EN
6,Carcharhinus melanopterus,39375,2008,NT
6,Carcharodon carcharias,3855,2008,VU
6,Caretta caretta,3897,2008,EN
6,Caretta caretta,84199475,2008,NT
6,Cheilinus undulatus,4592,2008,EN
6,Chelonia mydas,4615,2008,EN
6,Dermochelys coriacea,6494,2008,CR
6,Dermochelys coriacea,46967863,2008,CR
6,Eretmochelys imbricata,8005,2008,CR
6,Galeocerdo cuvier,39378,2008,NT
6,Isurus oxyrinchus,39341,2008,NT
6,Lepidochelys olivacea,11534,2008,VU
6,Megaptera novaeangliae,13006,2008,LC
6,Prionace glauca,39381,2008,NT
6,Rhincodon typus,19488,2008,VU
6,Steno bredanensis,20738,2008,LC
6,Triaenodon obesus,39384,2008,NT
6,Alopias vulpinus,39339,2007,VU
6,Balaenoptera musculus,2477,2007,EN
6,Carcharhinus melanopterus,39375,2007,NT
6,Carcharodon carcharias,3855,2007,VU
6,Caretta caretta,3897,2007,EN
6,Caretta caretta,84199475,2007,NT
6,Cheilinus undulatus,4592,2007,EN
6,Chelonia mydas,4615,2007,EN
6,Dermochelys coriacea,6494,2007,CR
6,Dermochelys coriacea,46967863,2007,CR
6,Eretmochelys imbricata,8005,2007,CR
6,Galeocerdo cuvier,39378,2007,NT
6,Isurus oxyrinchus,39341,2007,NT
6,Lepidochelys olivacea,11534,2007,EN
6,Megaptera novaeangliae,13006,2007,VU
6,Prionace glauca,39381,2007,NT
6,Rhincodon typus,19488,2007,VU
6,Steno bredanensis,20738,2007,LC
6,Triaenodon obesus,39384,2007,NT
6,Alopias vulpinus,39339,2006,VU
6,Balaenoptera musculus,2477,2006,EN
6,Carcharhinus melanopterus,39375,2006,NT
6,Carcharodon carcharias,3855,2006,VU
6,Caretta caretta,3897,2006,EN
6,Caretta caretta,84199475,2006,NT
6,Cheilinus undulatus,4592,2006,EN
6,Chelonia mydas,4615,2006,EN
6,Dermochelys coriacea,6494,2006,CR
6,Dermochelys coriacea,46967863,2006,CR
6,Eretmochelys imbricata,8005,2006,CR
6,Galeocerdo cuvier,39378,2006,NT
6,Isurus oxyrinchus,39341,2006,NT
6,Lepidochelys olivacea,11534,2006,EN
6,Megaptera novaeangliae,13006,2006,VU
6,Prionace glauca,39381,2006,NT
6,Rhincodon typus,19488,2006,VU
6,Steno bredanensis,20738,2006,LC
6,Triaenodon obesus,39384,2006,NT
6,Alopias vulpinus,39339,2005,VU
6,Balaenoptera musculus,2477,2005,EN
6,Carcharhinus melanopterus,39375,2005,NT
6,Carcharodon carcharias,3855,2005,VU
6,Caretta caretta,3897,2005,EN
6,Caretta caretta,84199475,2005,NT
6,Cheilinus undulatus,4592,2005,EN
6,Chelonia mydas,4615,2005,EN
6,Dermochelys coriacea,6494,2005,CR
6,Dermochelys coriacea,46967863,2005,CR
6,Eretmochelys imbricata,8005,2005,CR
6,Galeocerdo cuvier,39378,2005,NT
6,Isurus oxyrinchus,39341,2005,NT
6,Lepidochelys olivacea,11534,2005,EN
6,Megaptera novaeangliae,13006,2005,VU
6,Prionace glauca,39381,2005,NT
6,Rhincodon typus,19488,2005,VU
6,Steno bredanensis,20738,2005,LC
6,Triaenodon obesus,39384,2005,NT
6,Alopias vulpinus,39339,2004,VU
6,Balaenoptera musculus,2477,2004,EN
6,Carcharhinus melanopterus,39375,2004,NT
6,Carcharodon carcharias,3855,2004,VU
6,Caretta caretta,3897,2004,EN
6,Caretta caretta,84199475,2004,NT
6,Cheilinus undulatus,4592,2004,EN
6,Chelonia mydas,4615,2004,EN
6,Dermochelys coriacea,6494,2004,CR
6,Dermochelys coriacea,46967863,2004,CR
6,Eretmochelys imbricata,8005,2004,CR
6,Galeocerdo cuvier,39378,2004,NT
6,Isurus oxyrinchus,39341,2004,NT
6,Lepidochelys olivacea,11534,2004,EN
6,Megaptera novaeangliae,13006,2004,VU
6,Prionace glauca,39381,2004,NT
6,Rhincodon typus,19488,2004,VU
6,Steno bredanensis,20738,2004,LC
6,Triaenodon obesus,39384,2004,NT
6,Alopias vulpinus,39339,2003,VU
6,Balaenoptera musculus,2477,2003,EN
6,Carcharhinus melanopterus,39375,2003,NT
6,Carcharodon carcharias,3855,2003,VU
6,Caretta caretta,3897,2003,EN
6,Caretta caretta,84199475,2003,NT
6,Cheilinus undulatus,4592,2003,VU
6,Chelonia mydas,4615,2003,EN
6,Dermochelys coriacea,6494,2003,CR
6,Dermochelys coriacea,46967863,2003,CR
6,Eretmochelys imbricata,8005,2003,CR
6,Galeocerdo cuvier,39378,2003,NT
6,Isurus oxyrinchus,39341,2003,NT
6,Lepidochelys olivacea,11534,2003,EN
6,Megaptera novaeangliae,13006,2003,VU
6,Prionace glauca,39381,2003,NT
6,Rhincodon typus,19488,2003,VU
6,Steno bredanensis,20738,2003,LC
6,Triaenodon obesus,39384,2003,NT
6,Alopias vulpinus,39339,2002,VU
6,Balaenoptera musculus,2477,2002,EN
6,Carcharhinus melanopterus,39375,2002,NT
6,Carcharodon carcharias,3855,2002,VU
6,Caretta caretta,3897,2002,EN
6,Caretta caretta,84199475,2002,NT
6,Cheilinus undulatus,4592,2002,VU
6,Chelonia mydas,4615,2002,EN
6,Dermochelys coriacea,6494,2002,CR
6,Dermochelys coriacea,46967863,2002,CR
6,Eretmochelys imbricata,8005,2002,CR
6,Galeocerdo cuvier,39378,2002,NT
6,Isurus oxyrinchus,39341,2002,NT
6,Lepidochelys olivacea,11534,2002,EN
6,Megaptera novaeangliae,13006,2002,VU
6,Prionace glauca,39381,2002,NT
6,Rhincodon typus,19488,2002,VU
6,Steno bredanensis,20738,2002,LC
6,Triaenodon obesus,39384,2002,NT
6,Alopias vulpinus,39339,2001,VU
6,Balaenoptera musculus,2477,2001,EN
6,Carcharhinus melanopterus,39375,2001,NT
6,Carcharodon carcharias,3855,2001,VU
6,Caretta caretta,3897,2001,EN
6,Caretta caretta,84199475,2001,NT
6,Cheilinus undulatus,4592,2001,VU
6,Chelonia mydas,4615,2001,EN
6,Dermochelys coriacea,6494,2001,CR
6,Dermochelys coriacea,46967863,2001,CR
6,Eretmochelys imbricata,8005,2001,CR
6,Galeocerdo cuvier,39378,2001,NT
6,Isurus oxyrinchus,39341,2001,NT
6,Lepidochelys olivacea,11534,2001,EN
6,Megaptera novaeangliae,13006,2001,VU
6,Prionace glauca,39381,2001,NT
6,Rhincodon typus,19488,2001,VU
6,Steno bredanensis,20738,2001,LC
6,Triaenodon obesus,39384,2001,NT
6,Alopias vulpinus,39339,2e3,VU
6,Balaenoptera musculus,2477,2e3,EN
6,Carcharhinus melanopterus,39375,2e3,NT
6,Carcharodon carcharias,3855,2e3,VU
6,Caretta caretta,3897,2e3,EN
6,Caretta caretta,84199475,2e3,NT
6,Cheilinus undulatus,4592,2e3,VU
6,Chelonia mydas,4615,2e3,EN
6,Dermochelys coriacea,6494,2e3,CR
6,Dermochelys coriacea,46967863,2e3,CR
6,Eretmochelys imbricata,8005,2e3,CR
6,Galeocerdo cuvier,39378,2e3,NT
6,Isurus oxyrinchus,39341,2e3,NT
6,Lepidochelys olivacea,11534,2e3,EN
6,Megaptera novaeangliae,13006,2e3,VU
6,Prionace glauca,39381,2e3,NT
6,Rhincodon typus,19488,2e3,VU
6,Steno bredanensis,20738,2e3,LC
6,Triaenodon obesus,39384,2e3,NT
7,Alopias vulpinus,39339,2016,VU
7,Balaenoptera musculus,2477,2016,EN
7,Carcharhinus melanopterus,39375,2016,NT
7,Carcharodon carcharias,3855,2016,VU
7,Caretta caretta,3897,2016,VU
7,Caretta caretta,84199475,2016,NT
7,Cheilinus undulatus,4592,2016,EN
7,Chelonia mydas,4615,2016,EN
7,Dermochelys coriacea,6494,2016,VU
7,Dermochelys coriacea,46967863,2016,CR
7,Eretmochelys imbricata,8005,2016,CR
7,Galeocerdo cuvier,39378,2016,NT
7,Isurus oxyrinchus,39341,2016,VU
7,Lepidochelys olivacea,11534,2016,VU
7,Megaptera novaeangliae,13006,2016,LC
7,Prionace glauca,39381,2016,NT
7,Rhincodon typus,19488,2016,EN
7,Steno bredanensis,20738,2016,LC
7,Triaenodon obesus,39384,2016,NT
7,Alopias vulpinus,39339,2015,VU
7,Balaenoptera musculus,2477,2015,EN
7,Carcharhinus melanopterus,39375,2015,NT
7,Carcharodon carcharias,3855,2015,VU
7,Caretta caretta,3897,2015,VU
7,Caretta caretta,84199475,2015,NT
7,Cheilinus undulatus,4592,2015,EN
7,Chelonia mydas,4615,2015,EN
7,Dermochelys coriacea,6494,2015,VU
7,Dermochelys coriacea,46967863,2015,CR
7,Eretmochelys imbricata,8005,2015,CR
7,Galeocerdo cuvier,39378,2015,NT
7,Isurus oxyrinchus,39341,2015,VU
7,Lepidochelys olivacea,11534,2015,VU
7,Megaptera novaeangliae,13006,2015,LC
7,Prionace glauca,39381,2015,NT
7,Rhincodon typus,19488,2015,VU
7,Steno bredanensis,20738,2015,LC
7,Triaenodon obesus,39384,2015,NT
7,Alopias vulpinus,39339,2014,VU
7,Balaenoptera musculus,2477,2014,EN
7,Carcharhinus melanopterus,39375,2014,NT
7,Carcharodon carcharias,3855,2014,VU
7,Caretta caretta,3897,2014,EN
7,Caretta caretta,84199475,2014,NT
7,Cheilinus undulatus,4592,2014,EN
7,Chelonia mydas,4615,2014,EN
7,Dermochelys coriacea,6494,2014,VU
7,Dermochelys coriacea,46967863,2014,CR
7,Eretmochelys imbricata,8005,2014,CR
7,Galeocerdo cuvier,39378,2014,NT
7,Isurus oxyrinchus,39341,2014,VU
7,Lepidochelys olivacea,11534,2014,VU
7,Megaptera novaeangliae,13006,2014,LC
7,Prionace glauca,39381,2014,NT
7,Rhincodon typus,19488,2014,VU
7,Steno bredanensis,20738,2014,LC
7,Triaenodon obesus,39384,2014,NT
7,Alopias vulpinus,39339,2013,VU
7,Balaenoptera musculus,2477,2013,EN
7,Carcharhinus melanopterus,39375,2013,NT
7,Carcharodon carcharias,3855,2013,VU
7,Caretta caretta,3897,2013,EN
7,Caretta caretta,84199475,2013,NT
7,Cheilinus undulatus,4592,2013,EN
7,Chelonia mydas,4615,2013,EN
7,Dermochelys coriacea,6494,2013,VU
7,Dermochelys coriacea,46967863,2013,CR
7,Eretmochelys imbricata,8005,2013,CR
7,Galeocerdo cuvier,39378,2013,NT
7,Isurus oxyrinchus,39341,2013,VU
7,Lepidochelys olivacea,11534,2013,VU
7,Megaptera novaeangliae,13006,2013,LC
7,Prionace glauca,39381,2013,NT
7,Rhincodon typus,19488,2013,VU
7,Steno bredanensis,20738,2013,LC
7,Triaenodon obesus,39384,2013,NT
7,Alopias vulpinus,39339,2012,VU
7,Balaenoptera musculus,2477,2012,EN
7,Carcharhinus melanopterus,39375,2012,NT
7,Carcharodon carcharias,3855,2012,VU
7,Caretta caretta,3897,2012,EN
7,Caretta caretta,84199475,2012,NT
7,Cheilinus undulatus,4592,2012,EN
7,Chelonia mydas,4615,2012,EN
7,Dermochelys coriacea,6494,2012,CR
7,Dermochelys coriacea,46967863,2012,CR
7,Eretmochelys imbricata,8005,2012,CR
7,Galeocerdo cuvier,39378,2012,NT
7,Isurus oxyrinchus,39341,2012,VU
7,Lepidochelys olivacea,11534,2012,VU
7,Megaptera novaeangliae,13006,2012,LC
7,Prionace glauca,39381,2012,NT
7,Rhincodon typus,19488,2012,VU
7,Steno bredanensis,20738,2012,LC
7,Triaenodon obesus,39384,2012,NT
7,Alopias vulpinus,39339,2011,VU
7,Balaenoptera musculus,2477,2011,EN
7,Carcharhinus melanopterus,39375,2011,NT
7,Carcharodon carcharias,3855,2011,VU
7,Caretta caretta,3897,2011,EN
7,Caretta caretta,84199475,2011,NT
7,Cheilinus undulatus,4592,2011,EN
7,Chelonia mydas,4615,2011,EN
7,Dermochelys coriacea,6494,2011,CR
7,Dermochelys coriacea,46967863,2011,CR
7,Eretmochelys imbricata,8005,2011,CR
7,Galeocerdo cuvier,39378,2011,NT
7,Isurus oxyrinchus,39341,2011,VU
7,Lepidochelys olivacea,11534,2011,VU
7,Megaptera novaeangliae,13006,2011,LC
7,Prionace glauca,39381,2011,NT
7,Rhincodon typus,19488,2011,VU
7,Steno bredanensis,20738,2011,LC
7,Triaenodon obesus,39384,2011,NT
7,Alopias vulpinus,39339,2010,VU
7,Balaenoptera musculus,2477,2010,EN
7,Carcharhinus melanopterus,39375,2010,NT
7,Carcharodon carcharias,3855,2010,VU
7,Caretta caretta,3897,2010,EN
7,Caretta caretta,84199475,2010,NT
7,Cheilinus undulatus,4592,2010,EN
7,Chelonia mydas,4615,2010,EN
7,Dermochelys coriacea,6494,2010,CR
7,Dermochelys coriacea,46967863,2010,CR
7,Eretmochelys imbricata,8005,2010,CR
7,Galeocerdo cuvier,39378,2010,NT
7,Isurus oxyrinchus,39341,2010,VU
7,Lepidochelys olivacea,11534,2010,VU
7,Megaptera novaeangliae,13006,2010,LC
7,Prionace glauca,39381,2010,NT
7,Rhincodon typus,19488,2010,VU
7,Steno bredanensis,20738,2010,LC
7,Triaenodon obesus,39384,2010,NT
7,Alopias vulpinus,39339,2009,VU
7,Balaenoptera musculus,2477,2009,EN
7,Carcharhinus melanopterus,39375,2009,NT
7,Carcharodon carcharias,3855,2009,VU
7,Caretta caretta,3897,2009,EN
7,Caretta caretta,84199475,2009,NT
7,Cheilinus undulatus,4592,2009,EN
7,Chelonia mydas,4615,2009,EN
7,Dermochelys coriacea,6494,2009,CR
7,Dermochelys coriacea,46967863,2009,CR
7,Eretmochelys imbricata,8005,2009,CR
7,Galeocerdo cuvier,39378,2009,NT
7,Isurus oxyrinchus,39341,2009,VU
7,Lepidochelys olivacea,11534,2009,VU
7,Megaptera novaeangliae,13006,2009,LC
7,Prionace glauca,39381,2009,NT
7,Rhincodon typus,19488,2009,VU
7,Steno bredanensis,20738,2009,LC
7,Triaenodon obesus,39384,2009,NT
7,Alopias vulpinus,39339,2008,VU
7,Balaenoptera musculus,2477,2008,EN
7,Carcharhinus melanopterus,39375,2008,NT
7,Carcharodon carcharias,3855,2008,VU
7,Caretta caretta,3897,2008,EN
7,Caretta caretta,84199475,2008,NT
7,Cheilinus undulatus,4592,2008,EN
7,Chelonia mydas,4615,2008,EN
7,Dermochelys coriacea,6494,2008,CR
7,Dermochelys coriacea,46967863,2008,CR
7,Eretmochelys imbricata,8005,2008,CR
7,Galeocerdo cuvier,39378,2008,NT
7,Isurus oxyrinchus,39341,2008,NT
7,Lepidochelys olivacea,11534,2008,VU
7,Megaptera novaeangliae,13006,2008,LC
7,Prionace glauca,39381,2008,NT
7,Rhincodon typus,19488,2008,VU
7,Steno bredanensis,20738,2008,LC
7,Triaenodon obesus,39384,2008,NT
7,Alopias vulpinus,39339,2007,VU
7,Balaenoptera musculus,2477,2007,EN
7,Carcharhinus melanopterus,39375,2007,NT
7,Carcharodon carcharias,3855,2007,VU
7,Caretta caretta,3897,2007,EN
7,Caretta caretta,84199475,2007,NT
7,Cheilinus undulatus,4592,2007,EN
7,Chelonia mydas,4615,2007,EN
7,Dermochelys coriacea,6494,2007,CR
7,Dermochelys coriacea,46967863,2007,CR
7,Eretmochelys imbricata,8005,2007,CR
7,Galeocerdo cuvier,39378,2007,NT
7,Isurus oxyrinchus,39341,2007,NT
7,Lepidochelys olivacea,11534,2007,EN
7,Megaptera novaeangliae,13006,2007,VU
7,Prionace glauca,39381,2007,NT
7,Rhincodon typus,19488,2007,VU
7,Steno bredanensis,20738,2007,LC
7,Triaenodon obesus,39384,2007,NT
7,Alopias vulpinus,39339,2006,VU
7,Balaenoptera musculus,2477,2006,EN
7,Carcharhinus melanopterus,39375,2006,NT
7,Carcharodon carcharias,3855,2006,VU
7,Caretta caretta,3897,2006,EN
7,Caretta caretta,84199475,2006,NT
7,Cheilinus undulatus,4592,2006,EN
7,Chelonia mydas,4615,2006,EN
7,Dermochelys coriacea,6494,2006,CR
7,Dermochelys coriacea,46967863,2006,CR
7,Eretmochelys imbricata,8005,2006,CR
7,Galeocerdo cuvier,39378,2006,NT
7,Isurus oxyrinchus,39341,2006,NT
7,Lepidochelys olivacea,11534,2006,EN
7,Megaptera novaeangliae,13006,2006,VU
7,Prionace glauca,39381,2006,NT
7,Rhincodon typus,19488,2006,VU
7,Steno bredanensis,20738,2006,LC
7,Triaenodon obesus,39384,2006,NT
7,Alopias vulpinus,39339,2005,VU
7,Balaenoptera musculus,2477,2005,EN
7,Carcharhinus melanopterus,39375,2005,NT
7,Carcharodon carcharias,3855,2005,VU
7,Caretta caretta,3897,2005,EN
7,Caretta caretta,84199475,2005,NT
7,Cheilinus undulatus,4592,2005,EN
7,Chelonia mydas,4615,2005,EN
7,Dermochelys coriacea,6494,2005,CR
7,Dermochelys coriacea,46967863,2005,CR
7,Eretmochelys imbricata,8005,2005,CR
7,Galeocerdo cuvier,39378,2005,NT
7,Isurus oxyrinchus,39341,2005,NT
7,Lepidochelys olivacea,11534,2005,EN
7,Megaptera novaeangliae,13006,2005,VU
7,Prionace glauca,39381,2005,NT
7,Rhincodon typus,19488,2005,VU
7,Steno bredanensis,20738,2005,LC
7,Triaenodon obesus,39384,2005,NT
7,Alopias vulpinus,39339,2004,VU
7,Balaenoptera musculus,2477,2004,EN
7,Carcharhinus melanopterus,39375,2004,NT
7,Carcharodon carcharias,3855,2004,VU
7,Caretta caretta,3897,2004,EN
7,Caretta caretta,84199475,2004,NT
7,Cheilinus undulatus,4592,2004,EN
7,Chelonia mydas,4615,2004,EN
7,Dermochelys coriacea,6494,2004,CR
7,Dermochelys coriacea,46967863,2004,CR
7,Eretmochelys imbricata,8005,2004,CR
7,Galeocerdo cuvier,39378,2004,NT
7,Isurus oxyrinchus,39341,2004,NT
7,Lepidochelys olivacea,11534,2004,EN
7,Megaptera novaeangliae,13006,2004,VU
7,Prionace glauca,39381,2004,NT
7,Rhincodon typus,19488,2004,VU
7,Steno bredanensis,20738,2004,LC
7,Triaenodon obesus,39384,2004,NT
7,Alopias vulpinus,39339,2003,VU
7,Balaenoptera musculus,2477,2003,EN
7,Carcharhinus melanopterus,39375,2003,NT
7,Carcharodon carcharias,3855,2003,VU
7,Caretta caretta,3897,2003,EN
7,Caretta caretta,84199475,2003,NT
7,Cheilinus undulatus,4592,2003,VU
7,Chelonia mydas,4615,2003,EN
7,Dermochelys coriacea,6494,2003,CR
7,Dermochelys coriacea,46967863,2003,CR
7,Eretmochelys imbricata,8005,2003,CR
7,Galeocerdo cuvier,39378,2003,NT
7,Isurus oxyrinchus,39341,2003,NT
7,Lepidochelys olivacea,11534,2003,EN
7,Megaptera novaeangliae,13006,2003,VU
7,Prionace glauca,39381,2003,NT
7,Rhincodon typus,19488,2003,VU
7,Steno bredanensis,20738,2003,LC
7,Triaenodon obesus,39384,2003,NT
7,Alopias vulpinus,39339,2002,VU
7,Balaenoptera musculus,2477,2002,EN
7,Carcharhinus melanopterus,39375,2002,NT
7,Carcharodon carcharias,3855,2002,VU
7,Caretta caretta,3897,2002,EN
7,Caretta caretta,84199475,2002,NT
7,Cheilinus undulatus,4592,2002,VU
7,Chelonia mydas,4615,2002,EN
7,Dermochelys coriacea,6494,2002,CR
7,Dermochelys coriacea,46967863,2002,CR
7,Eretmochelys imbricata,8005,2002,CR
7,Galeocerdo cuvier,39378,2002,NT
7,Isurus oxyrinchus,39341,2002,NT
7,Lepidochelys olivacea,11534,2002,EN
7,Megaptera novaeangliae,13006,2002,VU
7,Prionace glauca,39381,2002,NT
7,Rhincodon typus,19488,2002,VU
7,Steno bredanensis,20738,2002,LC
7,Triaenodon obesus,39384,2002,NT
7,Alopias vulpinus,39339,2001,VU
7,Balaenoptera musculus,2477,2001,EN
7,Carcharhinus melanopterus,39375,2001,NT
7,Carcharodon carcharias,3855,2001,VU
7,Caretta caretta,3897,2001,EN
7,Caretta caretta,84199475,2001,NT
7,Cheilinus undulatus,4592,2001,VU
7,Chelonia mydas,4615,2001,EN
7,Dermochelys coriacea,6494,2001,CR
7,Dermochelys coriacea,46967863,2001,CR
7,Eretmochelys imbricata,8005,2001,CR
7,Galeocerdo cuvier,39378,2001,NT
7,Isurus oxyrinchus,39341,2001,NT
7,Lepidochelys olivacea,11534,2001,EN
7,Megaptera novaeangliae,13006,2001,VU
7,Prionace glauca,39381,2001,NT
7,Rhincodon typus,19488,2001,VU
7,Steno bredanensis,20738,2001,LC
7,Triaenodon obesus,39384,2001,NT
7,Alopias vulpinus,39339,2e3,VU
7,Balaenoptera musculus,2477,2e3,EN
7,Carcharhinus melanopterus,39375,2e3,NT
7,Carcharodon carcharias,3855,2e3,VU
7,Caretta caretta,3897,2e3,EN
7,Caretta caretta,84199475,2e3,NT
7,Cheilinus undulatus,4592,2e3,VU
7,Chelonia mydas,4615,2e3,EN
7,Dermochelys coriacea,6494,2e3,CR
7,Dermochelys coriacea,46967863,2e3,CR
7,Eretmochelys imbricata,8005,2e3,CR
7,Galeocerdo cuvier,39378,2e3,NT
7,Isurus oxyrinchus,39341,2e3,NT
7,Lepidochelys olivacea,11534,2e3,EN
7,Megaptera novaeangliae,13006,2e3,VU
7,Prionace glauca,39381,2e3,NT
7,Rhincodon typus,19488,2e3,VU
7,Steno bredanensis,20738,2e3,LC
7,Triaenodon obesus,39384,2e3,NT
8,Alopias vulpinus,39339,2016,VU
8,Balaenoptera musculus,2477,2016,EN
8,Carcharhinus melanopterus,39375,2016,NT
8,Carcharodon carcharias,3855,2016,VU
8,Caretta caretta,3897,2016,VU
8,Caretta caretta,84199475,2016,NT
8,Cheilinus undulatus,4592,2016,EN
8,Chelonia mydas,4615,2016,EN
8,Dermochelys coriacea,6494,2016,VU
8,Dermochelys coriacea,46967863,2016,CR
8,Eretmochelys imbricata,8005,2016,CR
8,Galeocerdo cuvier,39378,2016,NT
8,Isurus oxyrinchus,39341,2016,VU
8,Lepidochelys olivacea,11534,2016,VU
8,Megaptera novaeangliae,13006,2016,LC
8,Prionace glauca,39381,2016,NT
8,Rhincodon typus,19488,2016,EN
8,Steno bredanensis,20738,2016,LC
8,Triaenodon obesus,39384,2016,NT
8,Alopias vulpinus,39339,2015,VU
8,Balaenoptera musculus,2477,2015,EN
8,Carcharhinus melanopterus,39375,2015,NT
8,Carcharodon carcharias,3855,2015,VU
8,Caretta caretta,3897,2015,VU
8,Caretta caretta,84199475,2015,NT
8,Cheilinus undulatus,4592,2015,EN
8,Chelonia mydas,4615,2015,EN
8,Dermochelys coriacea,6494,2015,VU
8,Dermochelys coriacea,46967863,2015,CR
8,Eretmochelys imbricata,8005,2015,CR
8,Galeocerdo cuvier,39378,2015,NT
8,Isurus oxyrinchus,39341,2015,VU
8,Lepidochelys olivacea,11534,2015,VU
8,Megaptera novaeangliae,13006,2015,LC
8,Prionace glauca,39381,2015,NT
8,Rhincodon typus,19488,2015,VU
8,Steno bredanensis,20738,2015,LC
8,Triaenodon obesus,39384,2015,NT
8,Alopias vulpinus,39339,2014,VU
8,Balaenoptera musculus,2477,2014,EN
8,Carcharhinus melanopterus,39375,2014,NT
8,Carcharodon carcharias,3855,2014,VU
8,Caretta caretta,3897,2014,EN
8,Caretta caretta,84199475,2014,NT
8,Cheilinus undulatus,4592,2014,EN
8,Chelonia mydas,4615,2014,EN
8,Dermochelys coriacea,6494,2014,VU
8,Dermochelys coriacea,46967863,2014,CR
8,Eretmochelys imbricata,8005,2014,CR
8,Galeocerdo cuvier,39378,2014,NT
8,Isurus oxyrinchus,39341,2014,VU
8,Lepidochelys olivacea,11534,2014,VU
8,Megaptera novaeangliae,13006,2014,LC
8,Prionace glauca,39381,2014,NT
8,Rhincodon typus,19488,2014,VU
8,Steno bredanensis,20738,2014,LC
8,Triaenodon obesus,39384,2014,NT
8,Alopias vulpinus,39339,2013,VU
8,Balaenoptera musculus,2477,2013,EN
8,Carcharhinus melanopterus,39375,2013,NT
8,Carcharodon carcharias,3855,2013,VU
8,Caretta caretta,3897,2013,EN
8,Caretta caretta,84199475,2013,NT
8,Cheilinus undulatus,4592,2013,EN
8,Chelonia mydas,4615,2013,EN
8,Dermochelys coriacea,6494,2013,VU
8,Dermochelys coriacea,46967863,2013,CR
8,Eretmochelys imbricata,8005,2013,CR
8,Galeocerdo cuvier,39378,2013,NT
8,Isurus oxyrinchus,39341,2013,VU
8,Lepidochelys olivacea,11534,2013,VU
8,Megaptera novaeangliae,13006,2013,LC
8,Prionace glauca,39381,2013,NT
8,Rhincodon typus,19488,2013,VU
8,Steno bredanensis,20738,2013,LC
8,Triaenodon obesus,39384,2013,NT
8,Alopias vulpinus,39339,2012,VU
8,Balaenoptera musculus,2477,2012,EN
8,Carcharhinus melanopterus,39375,2012,NT
8,Carcharodon carcharias,3855,2012,VU
8,Caretta caretta,3897,2012,EN
8,Caretta caretta,84199475,2012,NT
8,Cheilinus undulatus,4592,2012,EN
8,Chelonia mydas,4615,2012,EN
8,Dermochelys coriacea,6494,2012,CR
8,Dermochelys coriacea,46967863,2012,CR
8,Eretmochelys imbricata,8005,2012,CR
8,Galeocerdo cuvier,39378,2012,NT
8,Isurus oxyrinchus,39341,2012,VU
8,Lepidochelys olivacea,11534,2012,VU
8,Megaptera novaeangliae,13006,2012,LC
8,Prionace glauca,39381,2012,NT
8,Rhincodon typus,19488,2012,VU
8,Steno bredanensis,20738,2012,LC
8,Triaenodon obesus,39384,2012,NT
8,Alopias vulpinus,39339,2011,VU
8,Balaenoptera musculus,2477,2011,EN
8,Carcharhinus melanopterus,39375,2011,NT
8,Carcharodon carcharias,3855,2011,VU
8,Caretta caretta,3897,2011,EN
8,Caretta caretta,84199475,2011,NT
8,Cheilinus undulatus,4592,2011,EN
8,Chelonia mydas,4615,2011,EN
8,Dermochelys coriacea,6494,2011,CR
8,Dermochelys coriacea,46967863,2011,CR
8,Eretmochelys imbricata,8005,2011,CR
8,Galeocerdo cuvier,39378,2011,NT
8,Isurus oxyrinchus,39341,2011,VU
8,Lepidochelys olivacea,11534,2011,VU
8,Megaptera novaeangliae,13006,2011,LC
8,Prionace glauca,39381,2011,NT
8,Rhincodon typus,19488,2011,VU
8,Steno bredanensis,20738,2011,LC
8,Triaenodon obesus,39384,2011,NT
8,Alopias vulpinus,39339,2010,VU
8,Balaenoptera musculus,2477,2010,EN
8,Carcharhinus melanopterus,39375,2010,NT
8,Carcharodon carcharias,3855,2010,VU
8,Caretta caretta,3897,2010,EN
8,Caretta caretta,84199475,2010,NT
8,Cheilinus undulatus,4592,2010,EN
8,Chelonia mydas,4615,2010,EN
8,Dermochelys coriacea,6494,2010,CR
8,Dermochelys coriacea,46967863,2010,CR
8,Eretmochelys imbricata,8005,2010,CR
8,Galeocerdo cuvier,39378,2010,NT
8,Isurus oxyrinchus,39341,2010,VU
8,Lepidochelys olivacea,11534,2010,VU
8,Megaptera novaeangliae,13006,2010,LC
8,Prionace glauca,39381,2010,NT
8,Rhincodon typus,19488,2010,VU
8,Steno bredanensis,20738,2010,LC
8,Triaenodon obesus,39384,2010,NT
8,Alopias vulpinus,39339,2009,VU
8,Balaenoptera musculus,2477,2009,EN
8,Carcharhinus melanopterus,39375,2009,NT
8,Carcharodon carcharias,3855,2009,VU
8,Caretta caretta,3897,2009,EN
8,Caretta caretta,84199475,2009,NT
8,Cheilinus undulatus,4592,2009,EN
8,Chelonia mydas,4615,2009,EN
8,Dermochelys coriacea,6494,2009,CR
8,Dermochelys coriacea,46967863,2009,CR
8,Eretmochelys imbricata,8005,2009,CR
8,Galeocerdo cuvier,39378,2009,NT
8,Isurus oxyrinchus,39341,2009,VU
8,Lepidochelys olivacea,11534,2009,VU
8,Megaptera novaeangliae,13006,2009,LC
8,Prionace glauca,39381,2009,NT
8,Rhincodon typus,19488,2009,VU
8,Steno bredanensis,20738,2009,LC
8,Triaenodon obesus,39384,2009,NT
8,Alopias vulpinus,39339,2008,VU
8,Balaenoptera musculus,2477,2008,EN
8,Carcharhinus melanopterus,39375,2008,NT
8,Carcharodon carcharias,3855,2008,VU
8,Caretta caretta,3897,2008,EN
8,Caretta caretta,84199475,2008,NT
8,Cheilinus undulatus,4592,2008,EN
8,Chelonia mydas,4615,2008,EN
8,Dermochelys coriacea,6494,2008,CR
8,Dermochelys coriacea,46967863,2008,CR
8,Eretmochelys imbricata,8005,2008,CR
8,Galeocerdo cuvier,39378,2008,NT
8,Isurus oxyrinchus,39341,2008,NT
8,Lepidochelys olivacea,11534,2008,VU
8,Megaptera novaeangliae,13006,2008,LC
8,Prionace glauca,39381,2008,NT
8,Rhincodon typus,19488,2008,VU
8,Steno bredanensis,20738,2008,LC
8,Triaenodon obesus,39384,2008,NT
8,Alopias vulpinus,39339,2007,VU
8,Balaenoptera musculus,2477,2007,EN
8,Carcharhinus melanopterus,39375,2007,NT
8,Carcharodon carcharias,3855,2007,VU
8,Caretta caretta,3897,2007,EN
8,Caretta caretta,84199475,2007,NT
8,Cheilinus undulatus,4592,2007,EN
8,Chelonia mydas,4615,2007,EN
8,Dermochelys coriacea,6494,2007,CR
8,Dermochelys coriacea,46967863,2007,CR
8,Eretmochelys imbricata,8005,2007,CR
8,Galeocerdo cuvier,39378,2007,NT
8,Isurus oxyrinchus,39341,2007,NT
8,Lepidochelys olivacea,11534,2007,EN
8,Megaptera novaeangliae,13006,2007,VU
8,Prionace glauca,39381,2007,NT
8,Rhincodon typus,19488,2007,VU
8,Steno bredanensis,20738,2007,LC
8,Triaenodon obesus,39384,2007,NT
8,Alopias vulpinus,39339,2006,VU
8,Balaenoptera musculus,2477,2006,EN
8,Carcharhinus melanopterus,39375,2006,NT
8,Carcharodon carcharias,3855,2006,VU
8,Caretta caretta,3897,2006,EN
8,Caretta caretta,84199475,2006,NT
8,Cheilinus undulatus,4592,2006,EN
8,Chelonia mydas,4615,2006,EN
8,Dermochelys coriacea,6494,2006,CR
8,Dermochelys coriacea,46967863,2006,CR
8,Eretmochelys imbricata,8005,2006,CR
8,Galeocerdo cuvier,39378,2006,NT
8,Isurus oxyrinchus,39341,2006,NT
8,Lepidochelys olivacea,11534,2006,EN
8,Megaptera novaeangliae,13006,2006,VU
8,Prionace glauca,39381,2006,NT
8,Rhincodon typus,19488,2006,VU
8,Steno bredanensis,20738,2006,LC
8,Triaenodon obesus,39384,2006,NT
8,Alopias vulpinus,39339,2005,VU
8,Balaenoptera musculus,2477,2005,EN
8,Carcharhinus melanopterus,39375,2005,NT
8,Carcharodon carcharias,3855,2005,VU
8,Caretta caretta,3897,2005,EN
8,Caretta caretta,84199475,2005,NT
8,Cheilinus undulatus,4592,2005,EN
8,Chelonia mydas,4615,2005,EN
8,Dermochelys coriacea,6494,2005,CR
8,Dermochelys coriacea,46967863,2005,CR
8,Eretmochelys imbricata,8005,2005,CR
8,Galeocerdo cuvier,39378,2005,NT
8,Isurus oxyrinchus,39341,2005,NT
8,Lepidochelys olivacea,11534,2005,EN
8,Megaptera novaeangliae,13006,2005,VU
8,Prionace glauca,39381,2005,NT
8,Rhincodon typus,19488,2005,VU
8,Steno bredanensis,20738,2005,LC
8,Triaenodon obesus,39384,2005,NT
8,Alopias vulpinus,39339,2004,VU
8,Balaenoptera musculus,2477,2004,EN
8,Carcharhinus melanopterus,39375,2004,NT
8,Carcharodon carcharias,3855,2004,VU
8,Caretta caretta,3897,2004,EN
8,Caretta caretta,84199475,2004,NT
8,Cheilinus undulatus,4592,2004,EN
8,Chelonia mydas,4615,2004,EN
8,Dermochelys coriacea,6494,2004,CR
8,Dermochelys coriacea,46967863,2004,CR
8,Eretmochelys imbricata,8005,2004,CR
8,Galeocerdo cuvier,39378,2004,NT
8,Isurus oxyrinchus,39341,2004,NT
8,Lepidochelys olivacea,11534,2004,EN
8,Megaptera novaeangliae,13006,2004,VU
8,Prionace glauca,39381,2004,NT
8,Rhincodon typus,19488,2004,VU
8,Steno bredanensis,20738,2004,LC
8,Triaenodon obesus,39384,2004,NT
8,Alopias vulpinus,39339,2003,VU
8,Balaenoptera musculus,2477,2003,EN
8,Carcharhinus melanopterus,39375,2003,NT
8,Carcharodon carcharias,3855,2003,VU
8,Caretta caretta,3897,2003,EN
8,Caretta caretta,84199475,2003,NT
8,Cheilinus undulatus,4592,2003,VU
8,Chelonia mydas,4615,2003,EN
8,Dermochelys coriacea,6494,2003,CR
8,Dermochelys coriacea,46967863,2003,CR
8,Eretmochelys imbricata,8005,2003,CR
8,Galeocerdo cuvier,39378,2003,NT
8,Isurus oxyrinchus,39341,2003,NT
8,Lepidochelys olivacea,11534,2003,EN
8,Megaptera novaeangliae,13006,2003,VU
8,Prionace glauca,39381,2003,NT
8,Rhincodon typus,19488,2003,VU
8,Steno bredanensis,20738,2003,LC
8,Triaenodon obesus,39384,2003,NT
8,Alopias vulpinus,39339,2002,VU
8,Balaenoptera musculus,2477,2002,EN
8,Carcharhinus melanopterus,39375,2002,NT
8,Carcharodon carcharias,3855,2002,VU
8,Caretta caretta,3897,2002,EN
8,Caretta caretta,84199475,2002,NT
8,Cheilinus undulatus,4592,2002,VU
8,Chelonia mydas,4615,2002,EN
8,Dermochelys coriacea,6494,2002,CR
8,Dermochelys coriacea,46967863,2002,CR
8,Eretmochelys imbricata,8005,2002,CR
8,Galeocerdo cuvier,39378,2002,NT
8,Isurus oxyrinchus,39341,2002,NT
8,Lepidochelys olivacea,11534,2002,EN
8,Megaptera novaeangliae,13006,2002,VU
8,Prionace glauca,39381,2002,NT
8,Rhincodon typus,19488,2002,VU
8,Steno bredanensis,20738,2002,LC
8,Triaenodon obesus,39384,2002,NT
8,Alopias vulpinus,39339,2001,VU
8,Balaenoptera musculus,2477,2001,EN
8,Carcharhinus melanopterus,39375,2001,NT
8,Carcharodon carcharias,3855,2001,VU
8,Caretta caretta,3897,2001,EN
8,Caretta caretta,84199475,2001,NT
8,Cheilinus undulatus,4592,2001,VU
8,Chelonia mydas,4615,2001,EN
8,Dermochelys coriacea,6494,2001,CR
8,Dermochelys coriacea,46967863,2001,CR
8,Eretmochelys imbricata,8005,2001,CR
8,Galeocerdo cuvier,39378,2001,NT
8,Isurus oxyrinchus,39341,2001,NT
8,Lepidochelys olivacea,11534,2001,EN
8,Megaptera novaeangliae,13006,2001,VU
8,Prionace glauca,39381,2001,NT
8,Rhincodon typus,19488,2001,VU
8,Steno bredanensis,20738,2001,LC
8,Triaenodon obesus,39384,2001,NT
8,Alopias vulpinus,39339,2e3,VU
8,Balaenoptera musculus,2477,2e3,EN
8,Carcharhinus melanopterus,39375,2e3,NT
8,Carcharodon carcharias,3855,2e3,VU
8,Caretta caretta,3897,2e3,EN
8,Caretta caretta,84199475,2e3,NT
8,Cheilinus undulatus,4592,2e3,VU
8,Chelonia mydas,4615,2e3,EN
8,Dermochelys coriacea,6494,2e3,CR
8,Dermochelys coriacea,46967863,2e3,CR
8,Eretmochelys imbricata,8005,2e3,CR
8,Galeocerdo cuvier,39378,2e3,NT
8,Isurus oxyrinchus,39341,2e3,NT
8,Lepidochelys olivacea,11534,2e3,EN
8,Megaptera novaeangliae,13006,2e3,VU
8,Prionace glauca,39381,2e3,NT
8,Rhincodon typus,19488,2e3,VU
8,Steno bredanensis,20738,2e3,LC
8,Triaenodon obesus,39384,2e3,NT
